#{"t_start": 1677753903.002829, "env_id": null}
r,l,t
26.08,31,0.126402
1.0,1,0.127619
2.0,2,0.132554
1.0,1,0.133582
2.0,2,0.139375
3.0,3,0.145046
2.0,2,0.151098
1.0,1,0.152255
6.0,6,0.17017
1.0,1,0.171334
1.0,1,0.175054
3.0,3,0.181093
1.0,1,0.182201
2.0,2,0.188121
2.0,2,0.191411
1.0,1,0.192649
1.0,1,0.195867
1.0,1,0.197011
1.0,1,0.198065
1.0,1,0.199147
1.0,1,0.200325
1.0,1,0.203481
2.0,2,0.206846
1.0,1,0.208011
2.0,2,0.214169
2.0,2,0.217824
1.0,1,0.218925
3.0,3,0.226873
1.0,1,0.228066
2.0,2,0.231465
2.0,2,0.239604
1.0,1,0.240691
3.0,3,0.248695
1.0,1,0.249892
1.0,1,0.251118
1.0,1,0.252184
1.0,1,0.253262
2.0,2,0.258893
2.0,2,0.262155
4.0,4,0.272271
1.0,1,0.273326
1.0,1,0.274382
2.0,2,0.280032
7.0,7,0.295999
1.0,1,0.297005
3.0,3,0.304351
1.0,1,0.305388
1.0,1,0.306421
1.0,1,0.309499
5.0,5,0.321346
2.0,2,0.324791
1.0,1,0.325807
2.0,2,0.3311
1.0,1,0.332159
6.0,6,0.348104
1.0,1,0.349155
1.0,1,0.35034
2.0,2,0.355849
5.0,5,0.367716
1.0,1,0.368746
1.0,1,0.369756
1.0,1,0.370778
2.0,2,0.375919
1.0,1,0.376955
1.0,1,0.378017
2.0,2,0.383133
1.0,1,0.384176
1.0,1,0.385218
1.0,1,0.386273
2.0,2,0.391375
1.0,1,0.392421
1.0,1,0.393446
2.0,2,0.396589
1.0,1,0.399518
1.0,1,0.400588
2.0,2,0.40382
1.0,1,0.404857
1.0,1,0.407861
1.0,1,0.408905
1.0,1,0.409955
2.0,2,0.413164
1.0,1,0.416199
1.0,1,0.417239
1.0,1,0.418278
1.0,1,0.419301
2.0,2,0.424548
3.0,3,0.42982
1.0,1,0.430827
2.0,2,0.435957
3.0,3,0.441198
1.0,1,0.444116
4.0,4,0.453907
1.0,1,0.457072
1.0,1,0.458096
4.0,4,0.468752
1.0,1,0.469904
1.0,1,0.47093
2.0,2,0.474217
1.0,1,0.47729
1.0,1,0.478366
1.0,1,0.479399
2.0,2,0.482619
3.0,3,0.489815
2.0,2,0.492922
1.0,1,0.495885
1.0,1,0.496898
1.0,1,0.497925
2.0,2,0.501112
3.0,3,0.508404
1.0,1,0.509461
1.0,1,0.510499
1.0,1,0.513499
1.0,1,0.514513
1.0,1,0.515551
1.0,1,0.516583
2.0,2,0.52179
1.0,1,0.52288
1.0,1,0.523956
1.0,1,0.524994
4.0,4,0.534797
1.0,1,0.535827
1.0,1,0.536831
1.0,1,0.54012
2.0,2,0.54334
1.0,1,0.544397
3.0,3,0.551642
2.0,2,0.55662
2.0,2,0.565844
2.0,2,0.569186
3.0,3,0.576839
1.0,1,0.577931
9.0,9,0.599809
1.0,1,0.600868
5.0,5,0.612297
1.0,1,0.613489
2.0,2,0.61668
1.0,1,0.619633
1.0,1,0.664905
3.0,3,0.670571
2.0,2,0.676586
1.0,1,0.67765
1.0,1,0.678686
2.0,2,0.684385
2.0,2,0.687829
3.0,3,0.695639
5.0,5,0.707749
1.0,1,0.708831
1.0,1,0.709896
1.0,1,0.710949
1.0,1,0.712
1.0,1,0.715126
1.0,1,0.716214
2.0,2,0.719487
7.0,7,0.737718
1.0,1,0.738771
1.0,1,0.739814
1.0,1,0.740918
2.0,2,0.746355
1.0,1,0.747419
1.0,1,0.748472
4.0,4,0.758954
1.0,1,0.760018
3.0,3,0.769299
3.0,3,0.774976
7.0,7,0.794013
3.0,3,0.799451
4.0,4,0.809226
4.0,4,0.818954
1.0,1,0.820041
1.0,1,0.821092
3.0,3,0.828664
2.0,2,0.831973
2.0,2,0.837926
1.0,1,0.838983
1.0,1,0.840033
3.0,3,0.847534
7.0,7,0.863655
1.0,1,0.864676
2.0,2,0.870484
3.0,3,0.878054
1.0,1,0.87909
1.0,1,0.88228
2.0,2,0.88587
2.0,2,0.88911
1.0,1,0.892682
2.0,2,0.896037
1.0,1,0.897057
1.0,1,0.898093
1.0,1,0.901289
1.0,1,0.902379
1.0,1,0.903427
1.0,1,0.904474
1.0,1,0.905529
1.0,1,0.908577
4.0,4,0.91614
1.0,1,0.91929
1.0,1,0.920332
1.0,1,0.921429
1.0,1,0.922499
1.0,1,0.923574
1.0,1,0.926647
2.0,2,0.929973
2.0,2,0.933254
1.0,1,0.936414
1.0,1,0.937477
3.0,3,0.942918
1.0,1,0.946037
4.0,4,0.953578
1.0,1,0.957059
1.0,1,0.958144
4.0,4,0.967861
1.0,1,0.96892
2.0,2,0.972155
1.0,1,0.9732
1.0,1,0.976293
1.0,1,0.977358
1.0,1,0.978485
1.0,1,0.979594
3.0,3,0.988966
1.0,1,0.990023
2.0,2,0.993668
2.0,2,0.999969
3.0,3,1.005455
1.0,1,1.008892
1.0,1,1.010015
2.0,2,1.013289
3.0,3,1.020772
1.0,1,1.02186
1.0,1,1.022909
2.0,2,1.029011
1.0,1,1.030064
3.0,3,1.035938
1.0,1,1.039448
1.0,1,1.040536
1.0,1,1.041736
1.0,1,1.042816
2.0,2,1.048389
1.0,1,1.049492
2.0,2,1.052863
3.0,3,1.060551
1.0,1,1.061648
1.0,1,1.062742
1.0,1,1.063787
1.0,1,1.067119
1.0,1,1.068174
1.0,1,1.069238
1.0,1,1.070265
1.0,1,1.071327
2.0,2,1.076879
1.0,1,1.077939
1.0,1,1.078979
1.0,1,1.080038
1.0,1,1.083292
2.0,2,1.088345
1.0,1,1.089507
1.0,1,1.090622
1.0,1,1.094263
1.0,1,1.095375
3.0,3,1.101273
1.0,1,1.104592
1.0,1,1.105671
2.0,2,1.10902
5.0,5,1.121161
1.0,1,1.122208
1.0,1,1.125706
2.0,2,1.129024
1.0,1,1.13011
2.0,2,1.138635
1.0,1,1.139775
1.0,1,1.140892
1.0,1,1.14205
2.0,2,1.148516
1.0,1,1.149798
2.0,2,1.153196
1.0,1,1.154237
1.0,1,1.157461
2.0,2,1.160758
1.0,1,1.161807
1.0,1,1.162885
1.0,1,1.165998
2.0,2,1.169216
2.0,2,1.172451
1.0,1,1.175565
1.0,1,1.176655
2.0,2,1.179951
5.0,5,1.193994
1.0,1,1.195075
1.0,1,1.198293
1.0,1,1.199422
3.0,3,1.205155
1.0,1,1.208358
4.0,4,1.216223
2.0,2,1.221802
3.0,3,1.22746
2.0,2,1.233616
3.0,3,1.238933
2.0,2,1.244995
6.0,6,1.259268
1.0,1,1.260317
2.0,2,1.265737
2.0,2,1.269003
1.0,1,1.27005
2.0,2,1.275634
1.0,1,1.276713
1.0,1,1.277937
3.0,3,1.285444
1.0,1,1.286507
3.0,3,1.291904
1.0,1,1.295473
1.0,1,1.296591
1.0,1,1.297632
2.0,2,1.302613
2.0,2,1.308034
2.0,2,1.311542
1.0,1,1.312577
1.0,1,1.315888
1.0,1,1.317014
1.0,1,1.318139
1.0,1,1.319165
1.0,1,1.320185
3.0,3,1.327748
1.0,1,1.328767
3.0,3,1.336327
2.0,2,1.339631
3.0,3,1.347344
1.0,1,1.34844
2.0,2,1.351691
3.0,3,1.359227
1.0,1,1.360243
2.0,2,1.365498
5.0,5,1.377573
1.0,1,1.378628
3.0,3,1.384311
2.0,2,1.389789
2.0,2,1.393032
3.0,3,1.400618
4.0,4,1.412236
2.0,2,1.415483
1.0,1,1.416585
1.0,1,1.417792
2.0,2,1.423561
1.0,1,1.424673
1.0,1,1.425794
1.0,1,1.426857
1.0,1,1.430039
1.0,1,1.431092
2.0,2,1.43464
1.0,1,1.435649
2.0,2,1.441182
1.0,1,1.442307
2.0,2,1.44559
1.0,1,1.448885
2.0,2,1.45224
1.0,1,1.453317
2.0,2,1.458795
2.0,2,1.462141
1.0,1,1.463195
2.0,2,1.468469
2.0,2,1.471704
1.0,1,1.472701
3.0,3,1.480016
1.0,1,1.481018
2.0,2,1.484191
1.0,1,1.487165
2.0,2,1.490333
1.0,1,1.491381
2.0,2,1.496509
1.0,1,1.497556
2.0,2,1.500761
1.0,1,1.501793
2.0,2,1.506945
3.0,3,1.512161
1.0,1,1.517539
1.0,1,1.518648
1.0,1,1.519748
1.0,1,1.520815
1.0,1,1.521899
1.0,1,1.525743
2.0,2,1.529116
3.0,3,1.536425
5.0,5,1.548035
1.0,1,1.549136
1.0,1,1.550189
2.0,2,1.553373
1.0,1,1.556279
1.0,1,1.5573
1.0,1,1.55831
1.0,1,1.559307
2.0,2,1.564607
1.0,1,1.56576
1.0,1,1.566794
1.0,1,1.567821
3.0,3,1.575132
1.0,1,1.576135
4.0,4,1.585441
1.0,1,1.586461
1.0,1,1.58746
4.0,4,1.59679
1.0,1,1.597811
1.0,1,1.598824
1.0,1,1.601822
1.0,1,1.602854
2.0,2,1.606055
2.0,2,1.611085
1.0,1,1.612113
4.0,4,1.625684
2.0,2,1.6291
1.0,1,1.630163
5.0,5,1.642221
3.0,3,1.649654
1.0,1,1.650765
2.0,2,1.654017
2.0,2,1.659168
1.0,1,1.660242
1.0,1,1.661288
4.0,4,1.673864
2.0,2,1.677073
1.0,1,1.680103
2.0,2,1.683317
1.0,1,1.684358
1.0,1,1.685408
3.0,3,1.692668
1.0,1,1.693685
1.0,1,1.694799
1.0,1,1.697829
1.0,1,1.698911
2.0,2,1.702104
1.0,1,1.703118
1.0,1,1.706009
4.0,4,1.713359
2.0,2,1.718655
2.0,2,1.72185
1.0,1,1.722851
1.0,1,1.725764
2.0,2,1.730785
4.0,4,1.740828
3.0,3,1.746161
3.0,3,1.754326
1.0,1,1.755471
1.0,1,1.756504
3.0,3,1.763842
1.0,1,1.764894
1.0,1,1.765929
1.0,1,1.768884
1.0,1,1.769933
3.0,3,1.775362
4.0,4,1.784666
1.0,1,1.785681
1.0,1,1.788704
1.0,1,1.789752
1.0,1,1.790803
1.0,1,1.791849
1.0,1,1.792877
2.0,2,1.798228
2.0,2,1.80135
2.0,2,1.806408
2.0,2,1.809642
2.0,2,1.812839
1.0,1,1.815766
2.0,2,1.818897
1.0,1,1.819949
1.0,1,1.820994
3.0,3,1.828227
1.0,1,1.829241
1.0,1,1.830275
1.0,1,1.834848
2.0,2,1.838452
4.0,4,1.8485
2.0,2,1.851688
1.0,1,1.852752
2.0,2,1.859534
4.0,4,1.869311
1.0,1,1.870557
2.0,2,1.873875
1.0,1,1.874917
1.0,1,1.877955
1.0,1,1.879045
1.0,1,1.880114
4.0,4,1.8897
2.0,2,1.892947
1.0,1,1.893966
1.0,1,1.897172
1.0,1,1.898227
3.0,3,1.903656
1.0,1,1.906671
2.0,2,1.909868
1.0,1,1.910888
1.0,1,1.911956
2.0,2,1.917086
1.0,1,1.918104
3.0,3,1.925393
1.0,1,1.926454
1.0,1,1.927501
1.0,1,1.928705
2.0,2,1.933922
4.0,4,1.94356
2.0,2,1.950021
1.0,1,1.951139
1.0,1,1.952235
1.0,1,1.953304
1.0,1,1.956673
1.0,1,1.957821
2.0,2,1.961242
1.0,1,1.962357
2.0,2,1.967993
5.0,5,1.980134
2.0,2,1.983286
1.0,1,1.984353
1.0,1,1.99055
3.0,3,1.99623
1.0,1,1.99726
1.0,1,2.000487
1.0,1,2.001608
1.0,1,2.002714
2.0,2,2.006116
1.0,1,2.009865
1.0,1,2.011145
4.0,4,2.021661
1.0,1,2.022746
2.0,2,2.026223
1.0,1,2.027322
2.0,2,2.032761
1.0,1,2.033929
1.0,1,2.035008
1.0,1,2.036109
4.0,4,2.046107
2.0,2,2.053745
1.0,1,2.05484
3.0,3,2.060952
1.0,1,2.064602
2.0,2,2.068291
2.0,2,2.071655
1.0,1,2.075013
1.0,1,2.076134
2.0,2,2.079477
1.0,1,2.080533
3.0,3,2.089105
2.0,2,2.092666
3.0,3,2.101158
2.0,2,2.104302
1.0,1,2.107891
2.0,2,2.111897
1.0,1,2.113066
1.0,1,2.114134
2.0,2,2.120187
4.0,4,2.130283
1.0,1,2.131432
3.0,3,2.137245
3.0,3,2.145402
3.0,3,2.15313
1.0,1,2.154205
2.0,2,2.159732
1.0,1,2.160851
5.0,5,2.223953
2.0,2,2.230499
1.0,1,2.231767
2.0,2,2.234919
2.0,2,2.240969
1.0,1,2.242027
1.0,1,2.243033
1.0,1,2.244074
2.0,2,2.249272
1.0,1,2.250321
2.0,2,2.253516
1.0,1,2.256614
3.0,3,2.26189
3.0,3,2.271379
1.0,1,2.27241
1.0,1,2.273434
1.0,1,2.274533
2.0,2,2.280002
2.0,2,2.28336
5.0,5,2.295737
7.0,7,2.313513
1.0,1,2.314545
1.0,1,2.315564
1.0,1,2.31656
1.0,1,2.317565
1.0,1,2.320439
2.0,2,2.323559
2.0,2,2.326733
2.0,2,2.334452
2.0,2,2.337759
1.0,1,2.341286
2.0,2,2.357937
2.0,2,2.361308
3.0,3,2.369174
2.0,2,2.374046
2.0,2,2.380137
1.0,1,2.381248
2.0,2,2.384674
3.0,3,2.39254
1.0,1,2.393591
1.0,1,2.394674
2.0,2,2.401228
4.0,4,2.408668
1.0,1,2.411883
1.0,1,2.412958
2.0,2,2.416196
1.0,1,2.417228
2.0,2,2.422398
1.0,1,2.423448
1.0,1,2.424496
2.0,2,2.429605
1.0,1,2.430637
1.0,1,2.431674
2.0,2,2.434846
1.0,1,2.438931
1.0,1,2.439985
2.0,2,2.443293
2.0,2,2.449182
3.0,3,2.454658
2.0,2,2.460007
1.0,1,2.461067
2.0,2,2.464284
1.0,1,2.465316
1.0,1,2.468703
1.0,1,2.469878
1.0,1,2.471082
1.0,1,2.472164
1.0,1,2.473204
1.0,1,2.478117
1.0,1,2.47918
2.0,2,2.48272
1.0,1,2.484165
2.0,2,2.489726
2.0,2,2.493199
1.0,1,2.494247
1.0,1,2.49743
1.0,1,2.498528
3.0,3,2.504083
1.0,1,2.507331
2.0,2,2.510904
4.0,4,2.520722
1.0,1,2.521797
3.0,3,2.529515
2.0,2,2.532823
1.0,1,2.533958
1.0,1,2.53499
1.0,1,2.538211
1.0,1,2.539243
1.0,1,2.540258
3.0,3,2.547964
1.0,1,2.549052
1.0,1,2.550113
1.0,1,2.55121
3.0,3,2.559334
2.0,2,2.562537
1.0,1,2.563621
2.0,2,2.569076
1.0,1,2.570213
2.0,2,2.573542
1.0,1,2.577026
1.0,1,2.578198
1.0,1,2.579265
3.0,3,2.588912
2.0,2,2.592539
1.0,1,2.593656
1.0,1,2.5947
1.0,1,2.598373
2.0,2,2.601838
1.0,1,2.603405
3.0,3,2.61177
4.0,4,2.622076
1.0,1,2.623239
1.0,1,2.624353
2.0,2,2.628273
1.0,1,2.631713
1.0,1,2.632755
1.0,1,2.633764
1.0,1,2.634798
1.0,1,2.635807
1.0,1,2.640909
1.0,1,2.642208
1.0,1,2.643493
1.0,1,2.644552
1.0,1,2.64561
1.0,1,2.64891
2.0,2,2.706213
2.0,2,2.709778
2.0,2,2.715491
1.0,1,2.7166
1.0,1,2.71774
5.0,5,2.729528
1.0,1,2.730576
5.0,5,2.742569
2.0,2,2.747861
3.0,3,2.753151
2.0,2,2.758372
1.0,1,2.759383
1.0,1,2.760405
1.0,1,2.761455
3.0,3,2.76877
1.0,1,2.769864
1.0,1,2.771035
2.0,2,2.776579
1.0,1,2.777654
1.0,1,2.778736
1.0,1,2.779785
5.0,5,2.791235
1.0,1,2.794209
2.0,2,2.79743
1.0,1,2.798491
1.0,1,2.799752
2.0,2,2.805032
2.0,2,2.810068
1.0,1,2.81109
2.0,2,2.816827
3.0,3,2.822222
2.0,2,2.827463
1.0,1,2.828461
2.0,2,2.831605
2.0,2,2.837145
5.0,5,2.848693
1.0,1,2.849727
1.0,1,2.850748
1.0,1,2.851747
1.0,1,2.854678
1.0,1,2.855682
1.0,1,2.85683
2.0,2,2.860001
4.0,4,2.869451
2.0,2,2.874539
1.0,1,2.875593
3.0,3,2.881114
1.0,1,2.886005
2.0,2,2.889243
5.0,5,2.900563
1.0,1,2.90159
1.0,1,2.902607
2.0,2,2.90773
2.0,2,2.91078
1.0,1,2.911781
1.0,1,2.916262
2.0,2,2.91984
4.0,4,2.929669
3.0,3,2.935002
1.0,1,2.938003
1.0,1,2.939042
1.0,1,2.940067
1.0,1,2.941071
1.0,1,2.942055
3.0,3,2.949395
2.0,2,2.952616
1.0,1,2.957146
1.0,1,2.958223
1.0,1,2.959305
1.0,1,2.96041
3.0,3,2.967866
1.0,1,2.968927
3.0,3,2.976214
1.0,1,2.977293
3.0,3,2.982746
2.0,2,2.988224
1.0,1,2.989252
1.0,1,2.990254
3.0,3,2.997611
2.0,2,3.000798
1.0,1,3.001844
1.0,1,3.004953
5.0,5,3.016459
1.0,1,3.017691
1.0,1,3.018724
2.0,2,3.023962
4.0,4,3.034616
5.0,5,3.047028
3.0,3,3.054687
3.0,3,3.060301
1.0,1,3.063476
3.0,3,3.069042
1.0,1,3.070109
1.0,1,3.073301
2.0,2,3.076736
1.0,1,3.077799
3.0,3,3.086567
1.0,1,3.087638
2.0,2,3.090987
3.0,3,3.098924
1.0,1,3.100045
2.0,2,3.105562
3.0,3,3.11115
1.0,1,3.112204
1.0,1,3.115432
3.0,3,3.120932
1.0,1,3.12203
1.0,1,3.125374
2.0,2,3.130508
3.0,3,3.138489
1.0,1,3.139653
1.0,1,3.140728
6.0,6,3.156352
1.0,1,3.157522
1.0,1,3.160972
4.0,4,3.168847
1.0,1,3.172178
1.0,1,3.173334
2.0,2,3.176787
1.0,1,3.17785
1.0,1,3.181508
4.0,4,3.189523
1.0,1,3.193245
2.0,2,3.19672
6.0,6,3.212161
1.0,1,3.213273
1.0,1,3.217128
4.0,4,3.22552
1.0,1,3.229262
1.0,1,3.230379
2.0,2,3.23568
3.0,3,3.244524
1.0,1,3.245663
1.0,1,3.246712
3.0,3,3.255053
2.0,2,3.258299
2.0,2,3.264065
3.0,3,3.269797
3.0,3,3.278464
1.0,1,3.279551
1.0,1,3.280569
1.0,1,3.281634
1.0,1,3.285345
1.0,1,3.286501
2.0,2,3.289857
1.0,1,3.290944
1.0,1,3.294455
1.0,1,3.295571
1.0,1,3.296635
2.0,2,3.299958
4.0,4,3.310209
4.0,4,3.320277
1.0,1,3.321359
1.0,1,3.322393
2.0,2,3.330349
1.0,1,3.331416
4.0,4,3.343743
1.0,1,3.344828
6.0,6,3.359599
1.0,1,3.360718
1.0,1,3.363887
1.0,1,3.365027
1.0,1,3.366161
1.0,1,3.367297
1.0,1,3.368449
1.0,1,3.371829
1.0,1,3.372863
2.0,2,3.376416
1.0,1,3.37752
1.0,1,3.380631
4.0,4,3.388737
1.0,1,3.392894
4.0,4,3.400964
2.0,2,3.408963
1.0,1,3.410075
1.0,1,3.411132
1.0,1,3.412168
1.0,1,3.415382
1.0,1,3.41644
3.0,3,3.422319
1.0,1,3.426266
4.0,4,3.434186
1.0,1,3.438241
3.0,3,3.44424
3.0,3,3.454797
2.0,2,3.458189
1.0,1,3.459422
1.0,1,3.463153
1.0,1,3.464232
1.0,1,3.465293
1.0,1,3.466381
3.0,3,3.474545
1.0,1,3.475584
2.0,2,3.479381
2.0,2,3.488445
1.0,1,3.489557
1.0,1,3.490721
1.0,1,3.492024
3.0,3,3.502082
2.0,2,3.505931
2.0,2,3.513312
1.0,1,3.514378
1.0,1,3.515416
1.0,1,3.516486
1.0,1,3.52009
2.0,2,3.524013
1.0,1,3.525168
2.0,2,3.531788
3.0,3,3.538112
1.0,1,3.539218
1.0,1,3.54292
1.0,1,3.544298
1.0,1,3.545353
1.0,1,3.546372
1.0,1,3.547377
1.0,1,3.55336
2.0,2,3.556751
2.0,2,3.559863
1.0,1,3.564047
1.0,1,3.565231
1.0,1,3.56635
4.0,4,3.577789
4.0,4,3.588576
2.0,2,3.591971
4.0,4,3.603043
2.0,2,3.606353
6.0,6,3.621528
1.0,1,3.624837
3.0,3,3.630597
1.0,1,3.631654
3.0,3,3.640025
2.0,2,3.643603
1.0,1,3.646856
4.0,4,3.654799
1.0,1,3.659862
1.0,1,3.661029
1.0,1,3.662087
1.0,1,3.66309
3.0,3,3.671037
2.0,2,3.674218
3.0,3,3.681997
1.0,1,3.683028
2.0,2,3.686449
2.0,2,3.691865
1.0,1,3.692921
1.0,1,3.694032
1.0,1,3.695096
2.0,2,3.700598
1.0,1,3.701676
1.0,1,3.702877
2.0,2,3.708514
1.0,1,3.709609
1.0,1,3.710695
1.0,1,3.711737
1.0,1,3.712775
1.0,1,3.716167
1.0,1,3.717279
2.0,2,3.720423
4.0,4,3.730352
2.0,2,3.733527
2.0,2,3.738724
1.0,1,3.739792
2.0,2,3.743257
2.0,2,3.748643
1.0,1,3.749706
2.0,2,3.753049
1.0,1,3.756136
2.0,2,3.7595
10.0,10,3.787137
1.0,1,3.788179
1.0,1,3.789214
2.0,2,3.794759
1.0,1,3.795769
1.0,1,3.796777
1.0,1,3.797779
3.0,3,3.805512
1.0,1,3.806534
2.0,2,3.811844
1.0,1,3.81289
1.0,1,3.813925
1.0,1,3.814962
4.0,4,3.829281
2.0,2,3.832427
1.0,1,3.835552
3.0,3,3.840955
3.0,3,3.848283
1.0,1,3.849319
2.0,2,3.852592
1.0,1,3.855606
1.0,1,3.856663
1.0,1,3.857717
1.0,1,3.858924
5.0,5,3.872469
1.0,1,3.873487
2.0,2,3.879213
1.0,1,3.880222
2.0,2,3.883398
1.0,1,3.886728
3.0,3,3.892224
1.0,1,3.893272
4.0,4,3.902924
2.0,2,3.909143
1.0,1,3.91021
2.0,2,3.913458
1.0,1,3.914461
1.0,1,3.918635
6.0,6,3.932647
1.0,1,3.933753
2.0,2,3.936992
1.0,1,3.94013
2.0,2,3.943463
2.0,2,3.94663
2.0,2,3.952356
2.0,2,3.955554
3.0,3,3.963028
1.0,1,3.96407
1.0,1,3.965101
2.0,2,3.970381
4.0,4,3.979659
1.0,1,3.98316
1.0,1,3.984421
1.0,1,3.985528
2.0,2,3.988844
1.0,1,3.992804
1.0,1,3.993926
1.0,1,3.994969
3.0,3,4.002568
2.0,2,4.00583
3.0,3,4.013254
2.0,2,4.016544
3.0,3,4.023999
4.0,4,4.031661
1.0,1,4.03491
1.0,1,4.036153
1.0,1,4.037182
4.0,4,4.046803
2.0,2,4.049993
1.0,1,4.051055
1.0,1,4.054111
1.0,1,4.055152
2.0,2,4.058585
1.0,1,4.059664
1.0,1,4.062819
2.0,2,4.066077
1.0,1,4.067184
1.0,1,4.068207
3.0,3,4.076757
5.0,5,4.09062
1.0,1,4.091633
2.0,2,4.098181
1.0,1,4.099407
2.0,2,4.102954
1.0,1,4.103993
1.0,1,4.107352
2.0,2,4.110662
1.0,1,4.111684
1.0,1,4.112687
1.0,1,4.116101
1.0,1,4.117244
1.0,1,4.118288
1.0,1,4.119351
2.0,2,4.125179
2.0,2,4.128459
1.0,1,4.129528
1.0,1,4.130594
2.0,2,4.136193
4.0,4,4.146303
5.0,5,4.160235
3.0,3,4.166019
2.0,2,4.172299
1.0,1,4.17341
3.0,3,4.179182
3.0,3,4.187221
2.0,2,4.192839
1.0,1,4.195994
2.0,2,4.199373
7.0,7,4.216838
1.0,1,4.220777
2.0,2,4.224088
1.0,1,4.225194
3.0,3,4.233157
1.0,1,4.234387
2.0,2,4.237995
1.0,1,4.241703
2.0,2,4.245497
1.0,1,4.246567
2.0,2,4.252337
1.0,1,4.25352
4.0,4,4.263696
4.0,4,4.271531
2.0,2,4.277171
3.0,3,4.28288
1.0,1,4.294353
2.0,2,4.29931
1.0,1,4.300473
2.0,2,4.306016
2.0,2,4.309687
1.0,1,4.31089
4.0,4,4.321814
1.0,1,4.322885
5.0,5,4.335759
1.0,1,4.336803
3.0,3,4.344679
2.0,2,4.347958
2.0,2,4.353784
2.0,2,4.357052
1.0,1,4.358135
1.0,1,4.361266
1.0,1,4.362315
2.0,2,4.365612
1.0,1,4.366644
2.0,2,4.371728
1.0,1,4.372791
1.0,1,4.373866
2.0,2,4.379013
2.0,2,4.382254
1.0,1,4.38327
1.0,1,4.384432
2.0,2,4.389535
5.0,5,4.400958
1.0,1,4.402351
2.0,2,4.408614
1.0,1,4.417939
1.0,1,4.41922
1.0,1,4.420344
2.0,2,4.423797
4.0,4,4.44797
1.0,1,4.449078
8.0,8,4.471082
1.0,1,4.472115
2.0,2,4.477495
1.0,1,4.478518
1.0,1,4.479522
1.0,1,4.480535
2.0,2,4.485678
2.0,2,4.488872
1.0,1,4.48987
1.0,1,4.490915
4.0,4,4.500371
1.0,1,4.501404
1.0,1,4.50553
1.0,1,4.506542
2.0,2,4.509722
3.0,3,4.519643
1.0,1,4.520732
2.0,2,4.523966
2.0,2,4.529807
2.0,2,4.533054
1.0,1,4.534458
1.0,1,4.53768
2.0,2,4.540906
1.0,1,4.541944
2.0,2,4.54715
1.0,1,4.548188
1.0,1,4.549243
1.0,1,4.550275
1.0,1,4.551315
1.0,1,4.554321
2.0,2,4.557638
1.0,1,4.55864
2.0,2,4.56416
1.0,1,4.565309
1.0,1,4.566313
1.0,1,4.567318
1.0,1,4.568311
1.0,1,4.571518
1.0,1,4.572535
1.0,1,4.573543
1.0,1,4.574587
1.0,1,4.5756
1.0,1,4.57899
11.0,11,4.606885
1.0,1,4.608007
4.0,4,4.618497
3.0,3,4.626333
4.0,4,4.636933
6.0,6,4.652345
1.0,1,4.655693
2.0,2,4.659336
3.0,3,4.667634
3.0,3,4.673238
1.0,1,4.67432
2.0,2,4.680491
1.0,1,4.681529
1.0,1,4.682591
1.0,1,4.683618
2.0,2,4.690472
2.0,2,4.693627
1.0,1,4.694653
3.0,3,4.702106
1.0,1,4.703109
1.0,1,4.704093
2.0,2,4.709286
1.0,1,4.710287
1.0,1,4.711355
3.0,3,4.718664
1.0,1,4.719711
4.0,4,4.73097
2.0,2,4.73436
2.0,2,4.739861
1.0,1,4.740905
2.0,2,4.744073
1.0,1,4.745092
1.0,1,4.748892
2.0,2,4.752087
1.0,1,4.753099
2.0,2,4.758175
2.0,2,4.761324
2.0,2,4.764471
1.0,1,4.767409
1.0,1,4.76844
2.0,2,4.771612
4.0,4,4.780787
3.0,3,4.788464
3.0,3,4.794104
1.0,1,4.79515
1.0,1,4.798446
2.0,2,4.801717
1.0,1,4.802779
1.0,1,4.80385
1.0,1,4.806918
1.0,1,4.807932
3.0,3,4.81329
1.0,1,4.816243
5.0,5,4.828291
1.0,1,4.829442
2.0,2,4.834642
5.0,5,4.848199
3.0,3,4.85776
1.0,1,4.858955
1.0,1,4.860174
1.0,1,4.861311
4.0,4,4.871738
1.0,1,4.872752
1.0,1,4.879325
1.0,1,4.880472
1.0,1,4.881531
1.0,1,4.882633
1.0,1,4.883856
1.0,1,4.887783
1.0,1,4.888872
1.0,1,4.890058
1.0,1,4.891192
1.0,1,4.892366
1.0,1,4.895775
1.0,1,4.896843
1.0,1,4.897871
2.0,2,4.901427
1.0,1,4.904853
1.0,1,4.906045
1.0,1,4.907117
1.0,1,4.908261
4.0,4,4.920627
1.0,1,4.921823
1.0,1,4.92291
1.0,1,4.930399
2.0,2,4.934306
3.0,3,4.944767
2.0,2,4.94907
3.0,3,4.959547
2.0,2,4.963912
2.0,2,4.967762
1.0,1,4.972098
1.0,1,4.973341
2.0,2,4.9774
1.0,1,4.978736
1.0,1,4.98288
1.0,1,4.984112
1.0,1,4.985688
1.0,1,4.987006
1.0,1,4.988252
1.0,1,4.992724
1.0,1,4.994059
1.0,1,4.995551
2.0,2,4.998887
1.0,1,5.00231
1.0,1,5.003395
2.0,2,5.007391
1.0,1,5.008461
1.0,1,5.01155
2.0,2,5.015335
1.0,1,5.01652
1.0,1,5.017772
1.0,1,5.021846
2.0,2,5.025332
4.0,4,5.035343
2.0,2,5.038589
1.0,1,5.039691
1.0,1,5.044741
1.0,1,5.04586
1.0,1,5.046931
2.0,2,5.050578
1.0,1,5.053757
1.0,1,5.054847
3.0,3,5.060411
1.0,1,5.064183
1.0,1,5.065341
1.0,1,5.066414
1.0,1,5.067453
3.0,3,5.075183
3.0,3,5.080574
1.0,1,5.083799
1.0,1,5.084828
2.0,2,5.088127
1.0,1,5.089209
1.0,1,5.09226
3.0,3,5.097615
1.0,1,5.098673
1.0,1,5.101748
1.0,1,5.102795
1.0,1,5.103836
3.0,3,5.111163
3.0,3,5.116724
3.0,3,5.124266
1.0,1,5.12528
4.0,4,5.13503
1.0,1,5.136066
2.0,2,5.139373
1.0,1,5.142511
1.0,1,5.143571
1.0,1,5.144622
1.0,1,5.145701
1.0,1,5.146849
1.0,1,5.151504
3.0,3,5.15758
3.0,3,5.165636
3.0,3,5.170958
1.0,1,5.174085
1.0,1,5.175141
1.0,1,5.176205
4.0,4,5.185938
2.0,2,5.189132
3.0,3,5.196562
1.0,1,5.197574
1.0,1,5.198594
1.0,1,5.199615
3.0,3,5.206937
1.0,1,5.207976
2.0,2,5.213152
1.0,1,5.214175
1.0,1,5.215198
1.0,1,5.216237
1.0,1,5.217296
4.0,4,5.226722
3.0,3,5.234001
1.0,1,5.235049
2.0,2,5.238207
1.0,1,5.241151
1.0,1,5.242172
2.0,2,5.245387
4.0,4,5.254805
1.0,1,5.257434
1.0,1,5.258531
1.0,1,5.261615
1.0,1,5.262658
1.0,1,5.263671
1.0,1,5.26468
3.0,3,5.272327
1.0,1,5.273354
2.0,2,5.276791
1.0,1,5.279857
1.0,1,5.280868
1.0,1,5.281889
1.0,1,5.282903
3.0,3,5.292146
2.0,2,5.295378
1.0,1,5.296554
1.0,1,5.29961
1.0,1,5.30064
1.0,1,5.339523
2.0,2,5.342856
3.0,3,5.350413
2.0,2,5.353567
1.0,1,5.356573
1.0,1,5.357599
1.0,1,5.358638
1.0,1,5.359722
1.0,1,5.360749
1.0,1,5.366412
3.0,3,5.371821
3.0,3,5.379694
1.0,1,5.380793
1.0,1,5.38187
1.0,1,5.38305
1.0,1,5.386214
2.0,2,5.389575
3.0,3,5.397148
1.0,1,5.39821
1.0,1,5.399233
2.0,2,5.402374
2.0,2,5.407627
1.0,1,5.408621
1.0,1,5.409639
1.0,1,5.410665
2.0,2,5.415927
3.0,3,5.421198
3.0,3,5.428426
1.0,1,5.429499
1.0,1,5.430549
1.0,1,5.433609
2.0,2,5.436893
2.0,2,5.440247
1.0,1,5.443242
1.0,1,5.444306
1.0,1,5.445387
1.0,1,5.446429
2.0,2,5.451752
2.0,2,5.455044
1.0,1,5.456103
2.0,2,5.461756
1.0,1,5.463121
3.0,3,5.470985
3.0,3,5.479185
1.0,1,5.480281
4.0,4,5.490167
1.0,1,5.491349
2.0,2,5.497155
2.0,2,5.500648
1.0,1,5.501879
1.0,1,5.50302
2.0,2,5.508527
1.0,1,5.509624
1.0,1,5.510713
1.0,1,5.511773
2.0,2,5.519586
1.0,1,5.520684
1.0,1,5.52171
2.0,2,5.527629
2.0,2,5.53093
2.0,2,5.534316
1.0,1,5.539922
1.0,1,5.541062
1.0,1,5.542129
1.0,1,5.543125
2.0,2,5.548559
2.0,2,5.55194
2.0,2,5.555159
2.0,2,5.560909
1.0,1,5.562027
2.0,2,5.5652
2.0,2,5.571081
4.0,4,5.582771
4.0,4,5.591203
1.0,1,5.595113
4.0,4,5.602817
1.0,1,5.605957
2.0,2,5.60928
2.0,2,5.613172
1.0,1,5.616362
1.0,1,5.617436
1.0,1,5.618507
2.0,2,5.621897
1.0,1,5.625327
2.0,2,5.628628
1.0,1,5.629636
3.0,3,5.637634
1.0,1,5.638679
2.0,2,5.641995
1.0,1,5.645525
1.0,1,5.646567
1.0,1,5.647564
2.0,2,5.650936
1.0,1,5.654168
2.0,2,5.657447
2.0,2,5.660642
2.0,2,5.665971
1.0,1,5.66704
1.0,1,5.668057
2.0,2,5.673379
4.0,4,5.683039
1.0,1,5.686606
1.0,1,5.68769
2.0,2,5.691143
1.0,1,5.692333
1.0,1,5.695541
4.0,4,5.703245
5.0,5,5.715094
1.0,1,5.718196
1.0,1,5.719249
1.0,1,5.720303
1.0,1,5.721357
3.0,3,5.728655
5.0,5,5.740364
3.0,3,5.74564
4.0,4,5.755524
1.0,1,5.75658
4.0,4,5.766192
2.0,2,5.771499
1.0,1,5.772575
2.0,2,5.775741
1.0,1,5.776774
1.0,1,5.779949
1.0,1,5.78267
2.0,2,5.786162
1.0,1,5.787183
1.0,1,5.790339
1.0,1,5.791458
1.0,1,5.792566
1.0,1,5.793575
1.0,1,5.794643
1.0,1,5.797932
2.0,2,5.801194
2.0,2,5.804415
2.0,2,5.810396
1.0,1,5.811486
1.0,1,5.812534
3.0,3,5.819901
1.0,1,5.820944
2.0,2,5.824011
3.0,3,5.831586
1.0,1,5.832599
1.0,1,5.833591
1.0,1,5.836692
1.0,1,5.837729
2.0,2,5.840943
1.0,1,5.841953
2.0,2,5.847107
3.0,3,5.852524
1.0,1,5.855575
2.0,2,5.858759
1.0,1,5.85977
3.0,3,5.866951
3.0,3,5.872265
1.0,1,5.875181
1.0,1,5.876239
1.0,1,5.877267
1.0,1,5.878301
1.0,1,5.879292
1.0,1,5.882242
1.0,1,5.883273
1.0,1,5.88431
2.0,2,5.888881
5.0,5,5.901909
1.0,1,5.90511
2.0,2,5.908289
1.0,1,5.909443
2.0,2,5.914961
2.0,2,5.918175
1.0,1,5.919229
1.0,1,5.920245
3.0,3,5.927637
1.0,1,5.928645
1.0,1,5.929649
2.0,2,5.93488
2.0,2,5.937968
2.0,2,5.943315
3.0,3,5.94871
1.0,1,5.949772
2.0,2,5.955067
1.0,1,5.956086
1.0,1,5.957147
1.0,1,5.958174
1.0,1,5.961125
1.0,1,5.962157
1.0,1,5.963178
1.0,1,5.964192
1.0,1,5.965313
1.0,1,5.968317
1.0,1,5.969408
1.0,1,5.970504
3.0,3,5.97781
3.0,3,5.983198
1.0,1,5.984194
4.0,4,5.993678
2.0,2,6.010177
2.0,2,6.013899
2.0,2,6.017275
1.0,1,6.020976
1.0,1,6.022026
1.0,1,6.023111
1.0,1,6.02418
2.0,2,6.029385
1.0,1,6.030449
1.0,1,6.031672
1.0,1,6.03288
2.0,2,6.039291
1.0,1,6.040576
1.0,1,6.041864
3.0,3,6.054805
1.0,1,6.056072
1.0,1,6.057198
1.0,1,6.058249
1.0,1,6.059319
1.0,1,6.064507
1.0,1,6.065952
1.0,1,6.067278
4.0,4,6.080685
1.0,1,6.081977
1.0,1,6.08322
3.0,3,6.093659
2.0,2,6.097311
5.0,5,6.112432
2.0,2,6.118744
3.0,3,6.124235
1.0,1,6.125593
2.0,2,6.132008
1.0,1,6.133298
1.0,1,6.134577
1.0,1,6.135755
1.0,1,6.139422
5.0,5,6.152777
1.0,1,6.153893
1.0,1,6.154935
1.0,1,6.156003
2.0,2,6.162152
3.0,3,6.167921
3.0,3,6.176338
1.0,1,6.177437
1.0,1,6.178506
2.0,2,6.184411
2.0,2,6.187743
3.0,3,6.195975
1.0,1,6.197088
2.0,2,6.200564
1.0,1,6.201713
6.0,6,6.221122
2.0,2,6.224622
2.0,2,6.228186
1.0,1,6.232362
1.0,1,6.233934
1.0,1,6.234981
1.0,1,6.236012
4.0,4,6.246814
1.0,1,6.24791
1.0,1,6.249027
2.0,2,6.255694
5.0,5,6.269442
2.0,2,6.272877
2.0,2,6.278859
5.0,5,6.292985
3.0,3,6.299384
1.0,1,6.300563
1.0,1,6.304037
3.0,3,6.310758
3.0,3,6.321539
4.0,4,6.333062
1.0,1,6.334457
2.0,2,6.338219
2.0,2,6.343914
1.0,1,6.344943
1.0,1,6.346141
2.0,2,6.350402
4.0,4,6.363131
1.0,1,6.364557
1.0,1,6.368639
1.0,1,6.369923
1.0,1,6.371149
5.0,5,6.385983
1.0,1,6.387262
1.0,1,6.388481
3.0,3,6.397638
2.0,2,6.400818
1.0,1,6.40534
2.0,2,6.409371
5.0,5,6.425502
1.0,1,6.426762
4.0,4,6.439479
1.0,1,6.440617
3.0,3,6.449122
1.0,1,6.450269
1.0,1,6.451577
1.0,1,6.453044
1.0,1,6.457225
1.0,1,6.458548
1.0,1,6.459692
1.0,1,6.460818
1.0,1,6.462102
3.0,3,6.470418
1.0,1,6.471497
1.0,1,6.472571
3.0,3,6.481226
6.0,6,6.496527
1.0,1,6.497571
3.0,3,6.505712
1.0,1,6.506792
1.0,1,6.507891
1.0,1,6.511461
4.0,4,6.519508
1.0,1,6.522947
1.0,1,6.52408
1.0,1,6.525336
3.0,3,6.535802
6.0,6,6.552093
3.0,3,6.558039
1.0,1,6.561842
4.0,4,6.569392
1.0,1,6.573392
1.0,1,6.574533
3.0,3,6.580749
1.0,1,6.5844
3.0,3,6.590246
1.0,1,6.591448
3.0,3,6.599954
1.0,1,6.601174
1.0,1,6.60222
2.0,2,6.608081
1.0,1,6.609222
1.0,1,6.610231
1.0,1,6.611272
1.0,1,6.614659
1.0,1,6.615715
2.0,2,6.619312
5.0,5,6.646011
1.0,1,6.647074
3.0,3,6.655482
2.0,2,6.659006
2.0,2,6.664928
3.0,3,6.670736
2.0,2,6.677144
2.0,2,6.68042
1.0,1,6.681466
3.0,3,6.689438
1.0,1,6.690539
2.0,2,6.696164
2.0,2,6.699344
1.0,1,6.700474
1.0,1,6.701671
1.0,1,6.704811
2.0,2,6.708378
1.0,1,6.709598
1.0,1,6.710648
1.0,1,6.71398
2.0,2,6.71757
1.0,1,6.718626
1.0,1,6.719686
1.0,1,6.726058
1.0,1,6.727232
1.0,1,6.728318
1.0,1,6.729373
2.0,2,6.735269
1.0,1,6.736375
1.0,1,6.737387
1.0,1,6.738451
1.0,1,6.739492
6.0,6,6.758822
1.0,1,6.760057
1.0,1,6.761169
1.0,1,6.762266
1.0,1,6.763282
3.0,3,6.772473
1.0,1,6.7735
1.0,1,6.774567
1.0,1,6.778055
4.0,4,6.786032
2.0,2,6.792648
2.0,2,6.796154
1.0,1,6.797207
2.0,2,6.802953
2.0,2,6.806215
2.0,2,6.811722
1.0,1,6.812807
1.0,1,6.813864
1.0,1,6.81491
1.0,1,6.81595
4.0,4,6.825549
1.0,1,6.826592
1.0,1,6.829718
6.0,6,6.845273
2.0,2,6.850396
1.0,1,6.851453
3.0,3,6.859334
1.0,1,6.860394
2.0,2,6.86583
1.0,1,6.866982
1.0,1,6.868093
1.0,1,6.869164
4.0,4,6.87919
1.0,1,6.880252
1.0,1,6.88128
1.0,1,6.88441
4.0,4,6.891811
2.0,2,6.896984
1.0,1,6.89801
1.0,1,6.89905
2.0,2,6.904721
1.0,1,6.905753
2.0,2,6.908974
3.0,3,6.916254
4.0,4,6.925836
2.0,2,6.929063
1.0,1,6.930133
1.0,1,6.931153
1.0,1,6.934165
1.0,1,6.935193
1.0,1,6.936215
2.0,2,6.939385
1.0,1,6.942787
2.0,2,6.946166
1.0,1,6.947242
1.0,1,6.948302
1.0,1,6.951494
1.0,1,6.952582
1.0,1,6.953627
2.0,2,6.95901
1.0,1,6.962473
2.0,2,6.965815
1.0,1,6.966889
1.0,1,6.968134
2.0,2,6.974815
1.0,1,6.975892
1.0,1,6.976944
1.0,1,6.978
1.0,1,6.981195
1.0,1,6.982273
2.0,2,6.985466
2.0,2,6.99076
1.0,1,6.99184
3.0,3,6.997176
1.0,1,7.000855
1.0,1,7.001908
1.0,1,7.002957
1.0,1,7.003981
1.0,1,7.005008
4.0,4,7.014827
1.0,1,7.015904
4.0,4,7.025476
1.0,1,7.026523
1.0,1,7.029831
1.0,1,7.03087
1.0,1,7.031892
1.0,1,7.032969
3.0,3,7.040694
1.0,1,7.041743
3.0,3,7.049194
2.0,2,7.052451
2.0,2,7.055682
1.0,1,7.058893
2.0,2,7.062148
1.0,1,7.06338
1.0,1,7.066027
2.0,2,7.071488
1.0,1,7.07256
3.0,3,7.080683
1.0,1,7.081752
5.0,5,7.09389
1.0,1,7.094946
1.0,1,7.095968
1.0,1,7.096992
1.0,1,7.100136
3.0,3,7.105542
1.0,1,7.106587
3.0,3,7.11416
4.0,4,7.124445
1.0,1,7.125487
1.0,1,7.126524
3.0,3,7.134157
1.0,1,7.135183
3.0,3,7.142708
3.0,3,7.148225
1.0,1,7.149286
2.0,2,7.154863
5.0,5,7.166767
1.0,1,7.167806
2.0,2,7.172821
2.0,2,7.178248
1.0,1,7.17932
1.0,1,7.180386
1.0,1,7.181427
2.0,2,7.187002
1.0,1,7.188063
1.0,1,7.189126
2.0,2,7.194632
3.0,3,7.200062
1.0,1,7.201099
1.0,1,7.204265
6.0,6,7.218196
1.0,1,7.219231
1.0,1,7.220252
1.0,1,7.221312
1.0,1,7.224394
2.0,2,7.227818
1.0,1,7.22882
2.0,2,7.234051
1.0,1,7.235075
1.0,1,7.236116
2.0,2,7.239356
5.0,5,7.250935
4.0,4,7.260431
1.0,1,7.26146
3.0,3,7.269147
1.0,1,7.270189
2.0,2,7.275469
1.0,1,7.276519
1.0,1,7.279108
1.0,1,7.280195
1.0,1,7.281259
1.0,1,7.284541
3.0,3,7.289943
2.0,2,7.295412
2.0,2,7.29865
1.0,1,7.299727
1.0,1,7.300736
1.0,1,7.303717
1.0,1,7.304808
2.0,2,7.308101
1.0,1,7.309112
1.0,1,7.313137
1.0,1,7.31422
1.0,1,7.315286
1.0,1,7.316331
2.0,2,7.321896
1.0,1,7.322962
1.0,1,7.324021
1.0,1,7.325031
2.0,2,7.330825
1.0,1,7.331903
3.0,3,7.337331
5.0,5,7.349095
2.0,2,7.354377
2.0,2,7.357566
1.0,1,7.358663
4.0,4,7.368723
1.0,1,7.369921
2.0,2,7.375342
1.0,1,7.376354
7.0,7,7.395131
2.0,2,7.400789
1.0,1,7.401801
1.0,1,7.402823
2.0,2,7.408171
2.0,2,7.411299
1.0,1,7.412315
7.0,7,7.429835
1.0,1,7.430868
2.0,2,7.434032
1.0,1,7.435058
1.0,1,7.438086
1.0,1,7.439118
1.0,1,7.440145
2.0,2,7.443259
1.0,1,7.446284
1.0,1,7.447317
1.0,1,7.448345
3.0,3,7.455534
1.0,1,7.456532
2.0,2,7.459626
1.0,1,7.460632
2.0,2,7.465817
1.0,1,7.466811
1.0,1,7.467838
1.0,1,7.468876
1.0,1,7.471951
1.0,1,7.472967
2.0,2,7.476117
1.0,1,7.47715
1.0,1,7.48011
1.0,1,7.481156
1.0,1,7.482198
2.0,2,7.485344
1.0,1,7.488392
2.0,2,7.49159
1.0,1,7.49259
2.0,2,7.501182
4.0,4,7.508891
13.0,13,7.541394
1.0,1,7.542396
1.0,1,7.543395
2.0,2,7.548433
1.0,1,7.549453
1.0,1,7.550475
1.0,1,7.551497
1.0,1,7.554458
1.0,1,7.55549
2.0,2,7.558629
1.0,1,7.559639
2.0,2,7.564798
1.0,1,7.565794
1.0,1,7.566815
1.0,1,7.567841
2.0,2,7.572888
1.0,1,7.573885
4.0,4,7.583756
1.0,1,7.584783
2.0,2,7.587885
1.0,1,7.590891
1.0,1,7.591947
2.0,2,7.595111
3.0,3,7.604033
1.0,1,7.605214
2.0,2,7.608672
2.0,2,7.614067
2.0,2,7.617255
2.0,2,7.622432
2.0,2,7.625625
2.0,2,7.62882
1.0,1,7.631812
1.0,1,7.632846
1.0,1,7.633886
2.0,2,7.637032
1.0,1,7.640011
3.0,3,7.645184
5.0,5,7.6593
1.0,1,7.660346
1.0,1,7.663688
2.0,2,7.66692
1.0,1,7.668173
1.0,1,7.669189
2.0,2,7.674443
2.0,2,7.677551
1.0,1,7.678561
1.0,1,7.681543
3.0,3,7.686856
1.0,1,7.687862
1.0,1,7.692792
4.0,4,7.700276
1.0,1,7.705134
1.0,1,7.70624
1.0,1,7.708872
1.0,1,7.709935
1.0,1,7.711132
1.0,1,7.714255
2.0,2,7.717782
1.0,1,7.718822
1.0,1,7.719892
1.0,1,7.723132
1.0,1,7.72419
1.0,1,7.725226
5.0,5,7.73673
1.0,1,7.737743
2.0,2,7.742806
4.0,4,7.750097
3.0,3,7.757343
1.0,1,7.758342
1.0,1,7.75935
4.0,4,7.768804
6.0,6,7.782502
4.0,4,7.79194
1.0,1,7.792938
1.0,1,7.795844
4.0,4,7.803269
3.0,3,7.810487
3.0,3,7.81987
6.0,6,7.834292
1.0,1,7.835358
2.0,2,7.838509
1.0,1,7.84155
2.0,2,7.844723
1.0,1,7.845903
4.0,4,7.855245
3.0,3,7.862496
1.0,1,7.863564
5.0,5,7.875169
2.0,2,7.878348
2.0,2,7.885237
3.0,3,7.890677
2.0,2,7.895886
1.0,1,7.897002
1.0,1,7.898042
1.0,1,7.899092
1.0,1,7.900122
1.0,1,7.90303
3.0,3,7.908368
2.0,2,7.913436
2.0,2,7.916646
4.0,4,7.928455
1.0,1,7.929467
1.0,1,7.93058
3.0,3,7.937884
2.0,2,7.940991
6.0,6,7.954549
2.0,2,7.959683
1.0,1,7.960721
3.0,3,7.967928
1.0,1,7.968969
4.0,4,7.978478
1.0,1,7.979543
2.0,2,7.982739
1.0,1,7.983768
1.0,1,7.986854
2.0,2,7.990052
2.0,2,7.993119
1.0,1,7.99608
2.0,2,7.999279
1.0,1,8.000272
1.0,1,8.001264
1.0,1,8.004271
1.0,1,8.005301
1.0,1,8.006379
1.0,1,8.007461
1.0,1,8.008644
1.0,1,8.011617
1.0,1,8.012661
2.0,2,8.015832
2.0,2,8.020895
1.0,1,8.021896
1.0,1,8.022896
3.0,3,8.032862
1.0,1,8.033925
1.0,1,8.034967
1.0,1,8.036029
3.0,3,8.043584
1.0,1,8.044622
1.0,1,8.045653
2.0,2,8.050792
1.0,1,8.051822
1.0,1,8.052854
1.0,1,8.053867
2.0,2,8.059017
1.0,1,8.06004
1.0,1,8.061075
1.0,1,8.062117
1.0,1,8.063134
1.0,1,8.066848
1.0,1,8.067905
2.0,2,8.071124
2.0,2,8.076169
2.0,2,8.079414
3.0,3,8.08658
1.0,1,8.087579
1.0,1,8.088569
1.0,1,8.089584
2.0,2,8.094768
1.0,1,8.095835
2.0,2,8.099002
4.0,4,8.108384
1.0,1,8.109403
1.0,1,8.110428
1.0,1,8.113386
4.0,4,8.120677
2.0,2,8.125797
1.0,1,8.126818
2.0,2,8.130048
3.0,3,8.139251
1.0,1,8.140373
1.0,1,8.141497
3.0,3,8.149003
1.0,1,8.150042
1.0,1,8.151032
1.0,1,8.153989
1.0,1,8.155031
1.0,1,8.156064
3.0,3,8.163323
2.0,2,8.166421
2.0,2,8.169514
1.0,1,8.172484
2.0,2,8.175673
1.0,1,8.176696
1.0,1,8.177721
1.0,1,8.180786
3.0,3,8.186028
4.0,4,8.195343
1.0,1,8.196385
1.0,1,8.197413
1.0,1,8.200371
1.0,1,8.2014
2.0,2,8.204683
2.0,2,8.209649
1.0,1,8.210649
1.0,1,8.211639
1.0,1,8.212676
1.0,1,8.213698
2.0,2,8.218794
3.0,3,8.223935
1.0,1,8.226865
1.0,1,8.227896
1.0,1,8.228933
2.0,2,8.232106
1.0,1,8.235047
1.0,1,8.237649
1.0,1,8.238667
1.0,1,8.239813
1.0,1,8.240991
1.0,1,8.244285
1.0,1,8.245334
1.0,1,8.246356
2.0,2,8.249625
1.0,1,8.25265
3.0,3,8.257928
1.0,1,8.25893
2.0,2,8.26421
1.0,1,8.265292
3.0,3,8.27255
1.0,1,8.273592
1.0,1,8.274659
7.0,7,8.290232
1.0,1,8.293233
2.0,2,8.296399
1.0,1,8.297396
2.0,2,8.302339
1.0,1,8.30334
1.0,1,8.304367
2.0,2,8.307693
1.0,1,8.310667
1.0,1,8.311708
1.0,1,8.312725
1.0,1,8.31374
1.0,1,8.314755
1.0,1,8.317683
1.0,1,8.318721
2.0,2,8.321939
5.0,5,8.333132
3.0,3,8.34019
1.0,1,8.341192
3.0,3,8.350802
1.0,1,8.351853
3.0,3,8.357143
1.0,1,8.360314
2.0,2,8.363557
2.0,2,8.366682
1.0,1,8.369721
1.0,1,8.370726
1.0,1,8.37179
1.0,1,8.372815
1.0,1,8.373858
2.0,2,8.379136
2.0,2,8.382261
1.0,1,8.383257
2.0,2,8.388257
1.0,1,8.432921
2.0,2,8.436311
1.0,1,8.439724
2.0,2,8.442953
1.0,1,8.443946
1.0,1,8.444939
2.0,2,8.450097
1.0,1,8.452763
1.0,1,8.453859
2.0,2,8.45979
1.0,1,8.460865
1.0,1,8.461918
1.0,1,8.462934
1.0,1,8.463992
4.0,4,8.473311
1.0,1,8.474311
1.0,1,8.477906
1.0,1,8.478983
2.0,2,8.482213
3.0,3,8.489462
1.0,1,8.490504
1.0,1,8.4915
1.0,1,8.492491
2.0,2,8.497685
1.0,1,8.498721
1.0,1,8.49975
1.0,1,8.500781
1.0,1,8.503812
2.0,2,8.507008
1.0,1,8.508008
1.0,1,8.509019
1.0,1,8.512066
2.0,2,8.515261
1.0,1,8.516261
1.0,1,8.517272
2.0,2,8.528605
1.0,1,8.529632
1.0,1,8.530664
1.0,1,8.53169
1.0,1,8.534746
1.0,1,8.535758
1.0,1,8.536914
2.0,2,8.540047
1.0,1,8.543134
2.0,2,8.546355
1.0,1,8.547348
2.0,2,8.552343
4.0,4,8.561632
1.0,1,8.564879
2.0,2,8.568348
1.0,1,8.569402
1.0,1,8.570454
1.0,1,8.573597
4.0,4,8.581089
1.0,1,8.584086
2.0,2,8.587264
2.0,2,8.590417
3.0,3,8.597696
4.0,4,8.606884
3.0,3,8.612117
1.0,1,8.615133
4.0,4,8.62249
5.0,5,8.63397
2.0,2,8.639029
2.0,2,8.642182
1.0,1,8.643188
3.0,3,8.650321
2.0,2,8.653429
3.0,3,8.660503
1.0,1,8.661539
4.0,4,8.673111
1.0,1,8.674223
1.0,1,8.675361
1.0,1,8.686276
1.0,1,8.687347
2.0,2,8.690594
5.0,5,8.703024
1.0,1,8.704041
2.0,2,8.70952
2.0,2,8.712693
1.0,1,8.713695
2.0,2,8.718863
1.0,1,8.719915
1.0,1,8.721065
1.0,1,8.722085
2.0,2,8.727304
1.0,1,8.728348
1.0,1,8.729414
1.0,1,8.730453
1.0,1,8.733441
1.0,1,8.734478
1.0,1,8.735553
1.0,1,8.736575
1.0,1,8.73761
1.0,1,8.740534
1.0,1,8.741564
2.0,2,8.744757
1.0,1,8.745757
1.0,1,8.748781
3.0,3,8.754039
1.0,1,8.755053
2.0,2,8.76012
1.0,1,8.761184
2.0,2,8.764428
1.0,1,8.767416
1.0,1,8.76846
1.0,1,8.769495
1.0,1,8.772111
2.0,2,8.77768
2.0,2,8.780912
1.0,1,8.781978
2.0,2,8.787372
2.0,2,8.790486
1.0,1,8.791515
1.0,1,8.792524
1.0,1,8.796785
8.0,8,8.814671
2.0,2,8.819773
2.0,2,8.822985
1.0,1,8.824017
2.0,2,8.829104
4.0,4,8.836551
1.0,1,8.839466
1.0,1,8.84048
1.0,1,8.841614
1.0,1,8.842604
1.0,1,8.843614
1.0,1,8.84654
2.0,2,8.849738
2.0,2,8.852838
2.0,2,8.857875
2.0,2,8.861067
3.0,3,8.868659
1.0,1,8.869713
1.0,1,8.870736
1.0,1,8.871766
1.0,1,8.87477
2.0,2,8.879859
1.0,1,8.880882
1.0,1,8.882036
4.0,4,8.891881
1.0,1,8.893039
2.0,2,8.898314
2.0,2,8.901504
2.0,2,8.906807
2.0,2,8.910044
1.0,1,8.911055
1.0,1,8.912087
1.0,1,8.915095
1.0,1,8.916145
1.0,1,8.917221
1.0,1,8.918247
1.0,1,8.919317
1.0,1,8.922372
1.0,1,8.923415
2.0,2,8.926667
2.0,2,8.931623
3.0,3,8.937002
1.0,1,8.938
2.0,2,8.94316
1.0,1,8.944191
2.0,2,8.947351
2.0,2,8.952652
3.0,3,8.957899
1.0,1,8.960993
1.0,1,8.962218
1.0,1,8.963429
1.0,1,8.964466
1.0,1,8.965492
1.0,1,8.968697
1.0,1,8.969748
1.0,1,8.970774
6.0,6,8.986215
3.0,3,8.994627
1.0,1,8.995657
3.0,3,9.003637
1.0,1,9.004681
4.0,4,9.01519
2.0,2,9.01839
1.0,1,9.019414
3.0,3,9.02714
1.0,1,9.028177
4.0,4,9.03763
2.0,2,9.040875
2.0,2,9.046067
3.0,3,9.051372
1.0,1,9.052398
9.0,9,9.074528
2.0,2,9.080162
1.0,1,9.08122
3.0,3,9.086461
4.0,4,9.098077
5.0,5,9.110028
1.0,1,9.111072
2.0,2,9.116732
1.0,1,9.117725
1.0,1,9.118719
1.0,1,9.119775
1.0,1,9.122991
2.0,2,9.126372
2.0,2,9.129651
1.0,1,9.13278
1.0,1,9.133853
3.0,3,9.13928
1.0,1,9.142451
1.0,1,9.143495
2.0,2,9.147016
2.0,2,9.152572
2.0,2,9.15605
1.0,1,9.157135
2.0,2,9.163965
1.0,1,9.16515
4.0,4,9.175799
1.0,1,9.177034
4.0,4,9.187771
2.0,2,9.191397
1.0,1,9.192535
1.0,1,9.19378
1.0,1,9.19908
1.0,1,9.200309
1.0,1,9.201561
2.0,2,9.204901
1.0,1,9.209905
1.0,1,9.211099
8.0,8,9.230924
1.0,1,9.23464
1.0,1,9.235935
1.0,1,9.23707
1.0,1,9.238178
7.0,7,9.258322
1.0,1,9.259571
1.0,1,9.260634
2.0,2,9.264151
1.0,1,9.268011
1.0,1,9.269355
1.0,1,9.270504
1.0,1,9.271597
2.0,2,9.277449
1.0,1,9.278543
6.0,6,9.293799
1.0,1,9.294885
2.0,2,9.302848
3.0,3,9.30845
2.0,2,9.31476
2.0,2,9.318577
1.0,1,9.319676
1.0,1,9.320722
1.0,1,9.326572
1.0,1,9.327692
2.0,2,9.331218
5.0,5,9.344689
1.0,1,9.345842
2.0,2,9.352198
1.0,1,9.353298
2.0,2,9.356491
1.0,1,9.36025
2.0,2,9.363676
3.0,3,9.371963
1.0,1,9.37312
1.0,1,9.374331
4.0,4,9.385855
1.0,1,9.387016
1.0,1,9.388128
1.0,1,9.389247
2.0,2,9.395263
1.0,1,9.396305
2.0,2,9.399786
3.0,3,9.410001
2.0,2,9.413188
2.0,2,9.419557
3.0,3,9.425566
1.0,1,9.429037
1.0,1,9.430069
2.0,2,9.433709
4.0,4,9.445079
2.0,2,9.448856
1.0,1,9.452738
1.0,1,9.454009
1.0,1,9.455289
3.0,3,9.464597
1.0,1,9.465845
2.0,2,9.469661
1.0,1,9.470888
1.0,1,9.474627
3.0,3,9.480345
1.0,1,9.481484
3.0,3,9.489843
1.0,1,9.490978
2.0,2,9.497278
1.0,1,9.498426
2.0,2,9.502159
1.0,1,9.503438
3.0,3,9.511696
1.0,1,9.512782
3.0,3,9.523053
1.0,1,9.52415
1.0,1,9.52535
1.0,1,9.52649
1.0,1,9.529909
3.0,3,9.536105
2.0,2,9.542678
2.0,2,9.54629
1.0,1,9.547464
4.0,4,9.558965
2.0,2,9.562465
1.0,1,9.566578
1.0,1,9.567814
4.0,4,9.578628
1.0,1,9.579742
2.0,2,9.583609
7.0,7,9.606263
2.0,2,9.610197
2.0,2,9.614005
1.0,1,9.617685
1.0,1,9.6188
6.0,6,9.636182
1.0,1,9.637237
1.0,1,9.638296
1.0,1,9.643946
2.0,2,9.647487
1.0,1,9.648615
2.0,2,9.654581
1.0,1,9.65565
1.0,1,9.656672
2.0,2,9.660298
1.0,1,9.664113
2.0,2,9.667863
2.0,2,9.671617
1.0,1,9.675072
1.0,1,9.676262
1.0,1,9.677376
1.0,1,9.678424
1.0,1,9.679459
3.0,3,9.68878
1.0,1,9.689899
2.0,2,9.69678
1.0,1,9.697979
1.0,1,9.69907
2.0,2,9.702795
2.0,2,9.711786
3.0,3,9.717616
1.0,1,9.721615
4.0,4,9.729702
2.0,2,9.737455
2.0,2,9.740845
1.0,1,9.742073
2.0,2,9.748709
1.0,1,9.749906
1.0,1,9.751081
4.0,4,9.761882
1.0,1,9.762945
4.0,4,9.778828
1.0,1,9.77996
1.0,1,9.780981
3.0,3,9.789965
4.0,4,9.801461
1.0,1,9.802551
2.0,2,9.805836
4.0,4,9.816825
2.0,2,9.822902
1.0,1,9.824063
1.0,1,9.825299
2.0,2,9.828863
1.0,1,9.832156
1.0,1,9.83332
2.0,2,9.838716
4.0,4,9.849767
2.0,2,9.85337
1.0,1,9.857375
1.0,1,9.858557
2.0,2,9.862067
1.0,1,9.8631
1.0,1,9.866475
1.0,1,9.86767
4.0,4,9.878693
1.0,1,9.880015
1.0,1,9.881064
2.0,2,9.884701
2.0,2,9.89048
1.0,1,9.891675
8.0,8,9.913305
2.0,2,9.916517
1.0,1,9.917576
2.0,2,9.922751
5.0,5,9.937368
2.0,2,9.940799
2.0,2,9.946061
2.0,2,9.952141
2.0,2,9.955402
1.0,1,9.956515
2.0,2,9.96227
3.0,3,9.968048
3.0,3,9.976036
1.0,1,9.977122
1.0,1,9.978172
1.0,1,9.981416
2.0,2,9.984814
1.0,1,9.985908
1.0,1,9.986919
1.0,1,9.990274
2.0,2,9.993515
2.0,2,9.996661
1.0,1,10.001333
4.0,4,10.008961
1.0,1,10.011991
3.0,3,10.017244
1.0,1,10.018255
1.0,1,10.021357
1.0,1,10.022406
1.0,1,10.02345
1.0,1,10.024489
2.0,2,10.030048
5.0,5,10.041426
2.0,2,10.044615
2.0,2,10.04789
1.0,1,10.052608
1.0,1,10.053672
1.0,1,10.054833
2.0,2,10.058239
2.0,2,10.063645
1.0,1,10.064701
5.0,5,10.076467
1.0,1,10.077556
2.0,2,10.083598
1.0,1,10.08463
1.0,1,10.085627
4.0,4,10.094983
3.0,3,10.100171
1.0,1,10.103134
1.0,1,10.104169
2.0,2,10.107329
1.0,1,10.108336
2.0,2,10.113409
2.0,2,10.116486
1.0,1,10.117493
1.0,1,10.120588
1.0,1,10.12161
1.0,1,10.1226
3.0,3,10.130045
5.0,5,10.143353
1.0,1,10.144509
1.0,1,10.145578
1.0,1,10.146596
1.0,1,10.147609
1.0,1,10.150716
1.0,1,10.151807
1.0,1,10.152871
2.0,2,10.156139
1.0,1,10.161422
6.0,6,10.176233
1.0,1,10.177298
3.0,3,10.184603
2.0,2,10.187945
1.0,1,10.188986
1.0,1,10.190023
1.0,1,10.193105
4.0,4,10.200564
3.0,3,10.207988
1.0,1,10.209061
5.0,5,10.221009
1.0,1,10.222013
2.0,2,10.227261
2.0,2,10.230474
1.0,1,10.231488
1.0,1,10.234502
1.0,1,10.235547
1.0,1,10.236587
1.0,1,10.237651
1.0,1,10.238684
2.0,2,10.244353
1.0,1,10.2454
2.0,2,10.248718
7.0,7,10.271563
3.0,3,10.277469
1.0,1,10.280811
1.0,1,10.281895
1.0,1,10.283012
1.0,1,10.284359
2.0,2,10.291338
1.0,1,10.292523
2.0,2,10.29609
1.0,1,10.297143
2.0,2,10.305014
2.0,2,10.308366
1.0,1,10.309588
2.0,2,10.315616
1.0,1,10.316967
3.0,3,10.327079
1.0,1,10.32842
5.0,5,10.341681
1.0,1,10.343053
1.0,1,10.344265
3.0,3,10.352668
1.0,1,10.353778
1.0,1,10.354862
1.0,1,10.35605
1.0,1,10.359741
4.0,4,10.369657
1.0,1,10.373615
1.0,1,10.374959
1.0,1,10.376068
1.0,1,10.377451
1.0,1,10.37857
1.0,1,10.382684
2.0,2,10.386855
2.0,2,10.390297
2.0,2,10.397421
1.0,1,10.398729
1.0,1,10.400108
1.0,1,10.401291
1.0,1,10.405153
1.0,1,10.406323
1.0,1,10.407488
1.0,1,10.408732
1.0,1,10.409849
1.0,1,10.414147
3.0,3,10.420216
4.0,4,10.430852
1.0,1,10.431998
1.0,1,10.433155
1.0,1,10.437318
2.0,2,10.441063
2.0,2,10.444888
1.0,1,10.448584
4.0,4,10.457268
1.0,1,10.460866
1.0,1,10.461962
2.0,2,10.465273
1.0,1,10.466362
2.0,2,10.472523
1.0,1,10.473585
2.0,2,10.478813
2.0,2,10.484724
3.0,3,10.490211
1.0,1,10.493689
3.0,3,10.499186
1.0,1,10.500213
1.0,1,10.50402
4.0,4,10.511587
2.0,2,10.516747
2.0,2,10.520058
1.0,1,10.521054
1.0,1,10.525679
2.0,2,10.529151
2.0,2,10.532241
1.0,1,10.535314
2.0,2,10.538495
2.0,2,10.54158
1.0,1,10.544636
1.0,1,10.54565
2.0,2,10.54877
1.0,1,10.549769
1.0,1,10.552846
1.0,1,10.553957
1.0,1,10.554996
1.0,1,10.556026
3.0,3,10.563643
5.0,5,10.575323
1.0,1,10.57636
4.0,4,10.588053
1.0,1,10.589091
2.0,2,10.592528
3.0,3,10.600454
1.0,1,10.601675
1.0,1,10.602711
1.0,1,10.605961
1.0,1,10.607131
1.0,1,10.608308
1.0,1,10.609439
1.0,1,10.610442
1.0,1,10.613646
2.0,2,10.617242
1.0,1,10.618677
1.0,1,10.620068
2.0,2,10.6257
1.0,1,10.626712
2.0,2,10.630606
1.0,1,10.634443
2.0,2,10.638219
2.0,2,10.641595
2.0,2,10.647251
1.0,1,10.648338
1.0,1,10.649428
2.0,2,10.65577
2.0,2,10.659613
2.0,2,10.6629
1.0,1,10.668621
5.0,5,10.682871
7.0,7,10.703714
1.0,1,10.704781
2.0,2,10.711041
3.0,3,10.717088
2.0,2,10.723021
3.0,3,10.729296
1.0,1,10.730615
4.0,4,10.741396
1.0,1,10.742547
3.0,3,10.751133
3.0,3,10.759197
3.0,3,10.765256
3.0,3,10.774027
1.0,1,10.775083
1.0,1,10.776177
1.0,1,10.777414
1.0,1,10.781359
1.0,1,10.782474
3.0,3,10.787828
1.0,1,10.791923
5.0,5,10.808208
1.0,1,10.809471
2.0,2,10.813285
2.0,2,10.820739
2.0,2,10.824434
1.0,1,10.825629
1.0,1,10.826694
5.0,5,10.839442
1.0,1,10.843174
1.0,1,10.844261
2.0,2,10.847456
2.0,2,10.853675
2.0,2,10.856923
1.0,1,10.85794
1.0,1,10.858944
5.0,5,10.871182
1.0,1,10.882189
2.0,2,10.885873
4.0,4,10.896628
2.0,2,10.899962
1.0,1,10.901005
2.0,2,10.908776
2.0,2,10.912356
3.0,3,10.919866
1.0,1,10.921037
1.0,1,10.922519
2.0,2,10.928599
4.0,4,10.936427
3.0,3,10.944284
1.0,1,10.945314
5.0,5,10.957813
2.0,2,10.963293
1.0,1,10.964445
2.0,2,10.967838
3.0,3,10.97552
1.0,1,10.976599
3.0,3,10.98428
1.0,1,10.985342
1.0,1,10.986381
2.0,2,10.989693
1.0,1,10.992811
1.0,1,10.993859
1.0,1,10.994912
1.0,1,10.995935
1.0,1,10.997014
4.0,4,11.011219
4.0,4,11.021798
3.0,3,11.029896
2.0,2,11.033234
2.0,2,11.03653
2.0,2,11.042211
2.0,2,11.045543
1.0,1,11.046626
1.0,1,11.049846
2.0,2,11.053238
2.0,2,11.056542
1.0,1,11.059807
1.0,1,11.060903
1.0,1,11.061969
2.0,2,11.06535
1.0,1,11.068875
2.0,2,11.072141
1.0,1,11.073143
1.0,1,11.074172
1.0,1,11.077726
1.0,1,11.079014
1.0,1,11.080114
1.0,1,11.081186
2.0,2,11.087134
2.0,2,11.090511
1.0,1,11.091656
1.0,1,11.092688
1.0,1,11.096216
1.0,1,11.097302
1.0,1,11.098364
1.0,1,11.099431
1.0,1,11.10056
1.0,1,11.103797
2.0,2,11.107129
1.0,1,11.108312
3.0,3,11.117887
2.0,2,11.121416
1.0,1,11.122475
1.0,1,11.126108
2.0,2,11.129581
3.0,3,11.137627
1.0,1,11.138699
3.0,3,11.144139
1.0,1,11.147411
1.0,1,11.148499
1.0,1,11.149519
1.0,1,11.150611
2.0,2,11.155958
1.0,1,11.157001
1.0,1,11.158038
1.0,1,11.159151
1.0,1,11.160179
1.0,1,11.16364
2.0,2,11.166971
2.0,2,11.170124
2.0,2,11.175637
1.0,1,11.176665
5.0,5,11.18855
1.0,1,11.189554
2.0,2,11.195387
4.0,4,11.203195
2.0,2,11.208731
4.0,4,11.218394
2.0,2,11.223582
3.0,3,11.231051
1.0,1,11.232135
2.0,2,11.235733
1.0,1,11.236928
1.0,1,11.240425
1.0,1,11.241463
1.0,1,11.24247
3.0,3,11.251454
1.0,1,11.252584
4.0,4,11.262509
1.0,1,11.263618
2.0,2,11.266879
1.0,1,11.267881
1.0,1,11.271085
3.0,3,11.276378
3.0,3,11.28415
3.0,3,11.289593
1.0,1,11.292763
1.0,1,11.293817
1.0,1,11.294858
1.0,1,11.295957
2.0,2,11.301372
4.0,4,11.308874
1.0,1,11.311993
1.0,1,11.313105
6.0,6,11.328865
1.0,1,11.329929
1.0,1,11.330989
3.0,3,11.339194
1.0,1,11.340288
1.0,1,11.34154
1.0,1,11.344793
1.0,1,11.345861
1.0,1,11.346927
1.0,1,11.347931
1.0,1,11.349163
1.0,1,11.352218
2.0,2,11.355947
7.0,7,11.372894
1.0,1,11.37607
1.0,1,11.377157
5.0,5,11.38946
2.0,2,11.392758
1.0,1,11.393756
1.0,1,11.397084
2.0,2,11.400343
2.0,2,11.403537
6.0,6,11.420105
1.0,1,11.421137
1.0,1,11.422147
1.0,1,11.42317
1.0,1,11.424193
1.0,1,11.427392
1.0,1,11.428519
1.0,1,11.429604
3.0,3,11.439375
3.0,3,11.445616
1.0,1,11.44663
1.0,1,11.449743
1.0,1,11.450763
1.0,1,11.45182
2.0,2,11.455359
3.0,3,11.464009
1.0,1,11.465072
4.0,4,11.475205
2.0,2,11.478644
3.0,3,11.486556
2.0,2,11.489692
1.0,1,11.493013
1.0,1,11.494117
1.0,1,11.495166
5.0,5,11.507086
1.0,1,11.508196
3.0,3,11.51573
1.0,1,11.516784
2.0,2,11.520017
2.0,2,11.525535
1.0,1,11.526584
2.0,2,11.529791
1.0,1,11.532952
1.0,1,11.533983
1.0,1,11.535012
1.0,1,11.536068
1.0,1,11.538915
2.0,2,11.544894
1.0,1,11.546144
1.0,1,11.547305
3.0,3,11.555493
3.0,3,11.560932
1.0,1,11.564194
1.0,1,11.565283
2.0,2,11.568636
2.0,2,11.574554
1.0,1,11.575702
1.0,1,11.576746
3.0,3,11.584647
2.0,2,11.587964
1.0,1,11.589021
1.0,1,11.590059
2.0,2,11.595546
3.0,3,11.600904
3.0,3,11.6098
1.0,1,11.610848
3.0,3,11.61833
2.0,2,11.621772
1.0,1,11.622814
2.0,2,11.628211
2.0,2,11.631386
1.0,1,11.632433
1.0,1,11.635466
1.0,1,11.636532
2.0,2,11.639831
1.0,1,11.640876
1.0,1,11.645782
1.0,1,11.646848
2.0,2,11.650218
1.0,1,11.651345
1.0,1,11.655158
3.0,3,11.661006
2.0,2,11.66653
5.0,5,11.678599
1.0,1,11.679829
4.0,4,11.690564
1.0,1,11.691613
3.0,3,11.697021
1.0,1,11.700148
1.0,1,11.701175
1.0,1,11.702171
1.0,1,11.703271
3.0,3,11.71084
1.0,1,11.711968
1.0,1,11.712998
1.0,1,11.714
1.0,1,11.717152
1.0,1,11.718218
1.0,1,11.719299
1.0,1,11.72034
1.0,1,11.721364
1.0,1,11.724477
1.0,1,11.725523
1.0,1,11.726555
4.0,4,11.736412
4.0,4,11.746667
1.0,1,11.747721
1.0,1,11.748741
4.0,4,11.76083
3.0,3,11.766687
1.0,1,11.770432
1.0,1,11.771577
1.0,1,11.77265
2.0,2,11.775966
1.0,1,11.779316
1.0,1,11.780365
6.0,6,11.795025
2.0,2,11.798213
1.0,1,11.801316
3.0,3,11.80699
1.0,1,11.808118
1.0,1,11.811579
1.0,1,11.812793
1.0,1,11.813789
2.0,2,11.817097
3.0,3,11.824735
1.0,1,11.825765
4.0,4,11.835448
1.0,1,11.836652
2.0,2,11.843936
3.0,3,11.849435
1.0,1,11.850447
3.0,3,11.860027
2.0,2,11.863343
2.0,2,11.869282
1.0,1,11.870465
1.0,1,11.871716
1.0,1,11.872816
1.0,1,11.877378
2.0,2,11.880739
1.0,1,11.881799
1.0,1,11.882851
1.0,1,11.886049
6.0,6,11.900324
2.0,2,11.903522
1.0,1,11.904541
2.0,2,11.90978
1.0,1,11.910816
1.0,1,11.911851
2.0,2,11.917095
1.0,1,11.918129
3.0,3,11.923365
1.0,1,11.928986
1.0,1,11.930146
1.0,1,11.931189
2.0,2,11.934646
2.0,2,11.940618
1.0,1,11.941669
2.0,2,11.94481
3.0,3,11.952429
1.0,1,11.953541
1.0,1,11.954582
1.0,1,11.957712
2.0,2,11.960991
1.0,1,11.963859
1.0,1,11.96495
2.0,2,11.970379
3.0,3,11.97589
1.0,1,11.979178
1.0,1,11.98031
1.0,1,11.981343
1.0,1,11.982435
1.0,1,11.983609
2.0,2,11.989169
1.0,1,11.990205
3.0,3,11.997734
2.0,2,12.000949
1.0,1,12.001948
2.0,2,12.007432
4.0,4,12.014965
3.0,3,12.022297
3.0,3,12.029873
2.0,2,12.033184
1.0,1,12.034222
2.0,2,12.039424
1.0,1,12.040471
1.0,1,12.041496
1.0,1,12.042497
1.0,1,12.043516
1.0,1,12.046686
1.0,1,12.047751
2.0,2,12.050976
1.0,1,12.052016
1.0,1,12.055015
2.0,2,12.058223
2.0,2,12.0614
2.0,2,12.066817
4.0,4,12.079085
1.0,1,12.080283
2.0,2,12.083693
1.0,1,12.084786
1.0,1,12.087906
2.0,2,12.091211
1.0,1,12.092248
1.0,1,12.093264
1.0,1,12.096738
6.0,6,12.110833
1.0,1,12.111963
2.0,2,12.115238
2.0,2,12.120458
4.0,4,12.131614
3.0,3,12.136857
3.0,3,12.144153
2.0,2,12.147507
1.0,1,12.14855
1.0,1,12.151597
1.0,1,12.15267
2.0,2,12.155923
2.0,2,12.161044
1.0,1,12.162106
1.0,1,12.163151
1.0,1,12.164197
1.0,1,12.16522
1.0,1,12.168188
1.0,1,12.16921
1.0,1,12.170206
1.0,1,12.171233
1.0,1,12.172263
1.0,1,12.175298
1.0,1,12.177891
1.0,1,12.179068
1.0,1,12.180259
2.0,2,12.185897
3.0,3,12.191613
1.0,1,12.192672
1.0,1,12.195845
1.0,1,12.196917
1.0,1,12.19796
1.0,1,12.199023
1.0,1,12.200033
2.0,2,12.20518
1.0,1,12.206245
1.0,1,12.207272
2.0,2,12.212456
2.0,2,12.21568
1.0,1,12.216719
2.0,2,12.221803
3.0,3,12.227077
2.0,2,12.232216
1.0,1,12.233227
2.0,2,12.236299
1.0,1,12.237292
1.0,1,12.294533
1.0,1,12.295689
1.0,1,12.296753
1.0,1,12.297765
3.0,3,12.305718
3.0,3,12.310993
1.0,1,12.314631
1.0,1,12.315709
2.0,2,12.318907
2.0,2,12.324007
1.0,1,12.325087
1.0,1,12.326115
2.0,2,12.329283
1.0,1,12.33237
3.0,3,12.337647
1.0,1,12.338649
1.0,1,12.341674
1.0,1,12.342695
2.0,2,12.345831
2.0,2,12.350928
1.0,1,12.351951
2.0,2,12.355125
2.0,2,12.36023
6.0,6,12.374184
1.0,1,12.375208
3.0,3,12.385205
1.0,1,12.386596
1.0,1,12.38775
2.0,2,12.391282
1.0,1,12.395137
1.0,1,12.396281
1.0,1,12.399262
1.0,1,12.400479
4.0,4,12.411534
4.0,4,12.421588
1.0,1,12.422606
1.0,1,12.423637
4.0,4,12.433192
1.0,1,12.434235
1.0,1,12.435274
3.0,3,12.442701
2.0,2,12.445998
2.0,2,12.451038
1.0,1,12.452084
1.0,1,12.453125
1.0,1,12.454116
2.0,2,12.459162
2.0,2,12.462249
3.0,3,12.469614
1.0,1,12.470671
2.0,2,12.473762
1.0,1,12.476781
1.0,1,12.477813
4.0,4,12.487369
1.0,1,12.488416
1.0,1,12.489468
2.0,2,12.492674
1.0,1,12.495608
3.0,3,12.500916
2.0,2,12.508096
2.0,2,12.511577
2.0,2,12.514849
3.0,3,12.522608
5.0,5,12.534964
2.0,2,12.538127
1.0,1,12.541275
1.0,1,12.542291
1.0,1,12.543291
1.0,1,12.544363
1.0,1,12.545485
1.0,1,12.54994
2.0,2,12.553088
1.0,1,12.554125
1.0,1,12.555141
1.0,1,12.558134
6.0,6,12.571469
1.0,1,12.572506
1.0,1,12.573524
1.0,1,12.574512
1.0,1,12.577453
2.0,2,12.580546
3.0,3,12.587785
1.0,1,12.588816
2.0,2,12.592145
4.0,4,12.601634
1.0,1,12.602672
1.0,1,12.603708
1.0,1,12.60685
4.0,4,12.616324
1.0,1,12.61959
2.0,2,12.623186
2.0,2,12.626592
1.0,1,12.62978
1.0,1,12.630867
2.0,2,12.634033
2.0,2,12.639897
1.0,1,12.641012
3.0,3,12.646383
1.0,1,12.649822
2.0,2,12.653036
1.0,1,12.654056
1.0,1,12.655057
1.0,1,12.658008
1.0,1,12.659036
2.0,2,12.662231
2.0,2,12.667308
1.0,1,12.668317
1.0,1,12.669339
3.0,3,12.676444
2.0,2,12.679574
1.0,1,12.680607
3.0,3,12.687761
2.0,2,12.69087
1.0,1,12.691884
1.0,1,12.695127
1.0,1,12.696182
1.0,1,12.69721
4.0,4,12.70654
2.0,2,12.709834
1.0,1,12.710872
2.0,2,12.716519
2.0,2,12.721747
1.0,1,12.722901
1.0,1,12.726804
1.0,1,12.728092
2.0,2,12.731557
3.0,3,12.738991
1.0,1,12.740016
1.0,1,12.741054
1.0,1,12.742083
1.0,1,12.745347
2.0,2,12.748581
4.0,4,12.75796
3.0,3,12.763183
1.0,1,12.766149
2.0,2,12.769344
1.0,1,12.770344
7.0,7,12.78811
1.0,1,12.789173
3.0,3,12.794449
1.0,1,12.797458
3.0,3,12.802756
4.0,4,12.812114
2.0,2,12.815298
1.0,1,12.819019
1.0,1,12.820034
1.0,1,12.821029
1.0,1,12.822017
3.0,3,12.831856
2.0,2,12.835182
2.0,2,12.840544
1.0,1,12.841574
1.0,1,12.842606
3.0,3,12.849908
1.0,1,12.850949
1.0,1,12.851973
1.0,1,12.853073
3.0,3,12.86032
1.0,1,12.861328
2.0,2,12.864408
2.0,2,12.869556
1.0,1,12.870597
1.0,1,12.871622
2.0,2,12.876892
1.0,1,12.877949
2.0,2,12.881131
2.0,2,12.88786
1.0,1,12.888914
2.0,2,12.892084
3.0,3,12.899412
1.0,1,12.900451
2.0,2,12.903582
1.0,1,12.907407
1.0,1,12.908426
1.0,1,12.909441
5.0,5,12.920983
1.0,1,12.922028
1.0,1,12.923071
1.0,1,12.926029
2.0,2,12.929213
1.0,1,12.930255
1.0,1,12.931286
1.0,1,12.936217
2.0,2,12.939571
1.0,1,12.940713
2.0,2,12.946016
3.0,3,12.951357
2.0,2,12.956585
3.0,3,12.96192
1.0,1,12.962952
5.0,5,12.976402
2.0,2,12.989331
1.0,1,12.990379
1.0,1,12.991469
6.0,6,13.00583
3.0,3,13.01337
1.0,1,13.014381
2.0,2,13.019605
1.0,1,13.020621
4.0,4,13.029852
1.0,1,13.03086
2.0,2,13.033945
2.0,2,13.040498
2.0,2,13.043925
1.0,1,13.044975
1.0,1,13.046017
1.0,1,13.049685
1.0,1,13.050738
1.0,1,13.051908
3.0,3,13.059349
1.0,1,13.060389
1.0,1,13.061456
1.0,1,13.06249
2.0,2,13.067692
2.0,2,13.07093
1.0,1,13.071938
1.0,1,13.072952
1.0,1,13.075869
1.0,1,13.076904
3.0,3,13.082114
1.0,1,13.085077
1.0,1,13.08611
1.0,1,13.087139
1.0,1,13.088151
2.0,2,13.093197
4.0,4,13.100573
5.0,5,13.111862
2.0,2,13.116933
4.0,4,13.126369
1.0,1,13.127413
1.0,1,13.128435
3.0,3,13.135546
1.0,1,13.136547
2.0,2,13.139633
1.0,1,13.140638
1.0,1,13.143594
2.0,2,13.148753
1.0,1,13.14981
1.0,1,13.15098
1.0,1,13.154217
1.0,1,13.155341
1.0,1,13.156378
1.0,1,13.157532
1.0,1,13.158591
1.0,1,13.161639
1.0,1,13.162647
4.0,4,13.17244
4.0,4,13.179997
2.0,2,13.185187
1.0,1,13.186227
2.0,2,13.189431
1.0,1,13.192431
2.0,2,13.195609
2.0,2,13.198768
1.0,1,13.201666
4.0,4,13.208977
1.0,1,13.211973
2.0,2,13.215165
1.0,1,13.216206
3.0,3,13.223417
6.0,6,13.236999
1.0,1,13.238011
1.0,1,13.239
4.0,4,13.248261
1.0,1,13.249338
1.0,1,13.254157
1.0,1,13.255384
4.0,4,13.265195
1.0,1,13.266256
1.0,1,13.267255
1.0,1,13.268269
1.0,1,13.269314
3.0,3,13.276494
3.0,3,13.283629
1.0,1,13.284669
1.0,1,13.285705
1.0,1,13.28669
3.0,3,13.293835
1.0,1,13.294859
3.0,3,13.30203
1.0,1,13.303068
2.0,2,13.30622
3.0,3,13.313376
1.0,1,13.314362
1.0,1,13.315353
1.0,1,13.316382
2.0,2,13.321585
1.0,1,13.322663
1.0,1,13.323696
2.0,2,13.328802
2.0,2,13.331967
1.0,1,13.332978
2.0,2,13.338078
1.0,1,13.339093
1.0,1,13.340083
1.0,1,13.341075
1.0,1,13.342085
2.0,2,13.347127
2.0,2,13.350247
1.0,1,13.351254
1.0,1,13.35422
2.0,2,13.359081
2.0,2,13.362674
1.0,1,13.366114
2.0,2,13.369444
2.0,2,13.372653
1.0,1,13.37575
1.0,1,13.376791
3.0,3,13.382158
2.0,2,13.387433
1.0,1,13.388438
2.0,2,13.391573
5.0,5,13.402998
5.0,5,13.414212
5.0,5,13.425672
1.0,1,13.428792
1.0,1,13.429831
2.0,2,13.432992
3.0,3,13.440273
1.0,1,13.441324
1.0,1,13.442362
1.0,1,13.44338
1.0,1,13.446318
1.0,1,13.447367
1.0,1,13.44839
1.0,1,13.449376
1.0,1,13.450401
2.0,2,13.45542
3.0,3,13.460615
1.0,1,13.463542
2.0,2,13.468491
1.0,1,13.469557
1.0,1,13.470559
3.0,3,13.478281
2.0,2,13.481458
1.0,1,13.484539
1.0,1,13.485543
1.0,1,13.486554
1.0,1,13.487552
1.0,1,13.488529
1.0,1,13.491435
1.0,1,13.492455
2.0,2,13.495667
1.0,1,13.496658
2.0,2,13.501702
1.0,1,13.502716
1.0,1,13.503711
1.0,1,13.504739
2.0,2,13.509799
1.0,1,13.510807
1.0,1,13.511814
2.0,2,13.516875
2.0,2,13.52002
1.0,1,13.521032
1.0,1,13.52206
1.0,1,13.525006
3.0,3,13.530327
1.0,1,13.531329
1.0,1,13.534279
1.0,1,13.535313
2.0,2,13.538552
3.0,3,13.545622
1.0,1,13.546643
1.0,1,13.547665
1.0,1,13.548692
1.0,1,13.551661
2.0,2,13.554859
1.0,1,13.555887
3.0,3,13.563062
5.0,5,13.576244
2.0,2,13.579398
1.0,1,13.58048
2.0,2,13.586275
3.0,3,13.591525
2.0,2,13.59673
4.0,4,13.606375
1.0,1,13.607436
1.0,1,13.608469
3.0,3,13.615679
2.0,2,13.618848
3.0,3,13.625859
1.0,1,13.626902
1.0,1,13.627941
3.0,3,13.635219
1.0,1,13.636262
1.0,1,13.637292
1.0,1,13.638359
1.0,1,13.63939
1.0,1,13.64233
1.0,1,13.643365
1.0,1,13.644382
2.0,2,13.647524
2.0,2,13.652463
1.0,1,13.653542
1.0,1,13.654553
2.0,2,13.659637
1.0,1,13.660643
2.0,2,13.663713
4.0,4,13.672875
2.0,2,13.675951
1.0,1,13.680629
1.0,1,13.681815
1.0,1,13.682909
1.0,1,13.683917
3.0,3,13.691502
1.0,1,13.69258
1.0,1,13.693613
1.0,1,13.694678
1.0,1,13.697781
2.0,2,13.701043
1.0,1,13.702108
2.0,2,13.707345
1.0,1,13.708365
1.0,1,13.709365
1.0,1,13.71038
1.0,1,13.711408
2.0,2,13.716516
6.0,6,13.730208
2.0,2,13.733405
1.0,1,13.736403
1.0,1,13.737439
1.0,1,13.738486
2.0,2,13.74163
1.0,1,13.744543
1.0,1,13.745557
4.0,4,13.754703
1.0,1,13.755709
3.0,3,13.760995
2.0,2,13.766702
1.0,1,13.767753
2.0,2,13.770934
4.0,4,13.782247
2.0,2,13.787841
2.0,2,13.7913
1.0,1,13.792367
1.0,1,13.793414
1.0,1,13.796493
1.0,1,13.797527
1.0,1,13.798578
1.0,1,13.799612
1.0,1,13.800632
2.0,2,13.805931
2.0,2,13.809044
1.0,1,13.810047
1.0,1,13.813037
1.0,1,13.814109
1.0,1,13.815173
1.0,1,13.816194
1.0,1,13.817188
2.0,2,13.823776
2.0,2,13.826849
1.0,1,13.827883
1.0,1,13.830952
2.0,2,13.834164
1.0,1,13.835216
2.0,2,13.840282
1.0,1,13.841299
1.0,1,13.842296
1.0,1,13.843296
1.0,1,13.844447
1.0,1,13.847384
1.0,1,13.848413
1.0,1,13.849444
1.0,1,13.850453
1.0,1,13.851435
4.0,4,13.860627
5.0,5,13.872128
2.0,2,13.877323
1.0,1,13.878366
1.0,1,13.879482
2.0,2,13.88263
1.0,1,13.885601
1.0,1,13.88665
1.0,1,13.889304
2.0,2,13.892823
1.0,1,13.896017
1.0,1,13.897094
1.0,1,13.898165
1.0,1,13.899218
2.0,2,13.904665
1.0,1,13.90572
3.0,3,13.911066
1.0,1,13.914204
1.0,1,13.915236
1.0,1,13.916278
1.0,1,13.917306
1.0,1,13.918325
1.0,1,13.921312
1.0,1,13.922345
1.0,1,13.923379
2.0,2,13.926576
1.0,1,13.929529
1.0,1,13.930536
4.0,4,13.942405
1.0,1,13.94358
1.0,1,13.944616
1.0,1,13.945624
3.0,3,13.953647
1.0,1,13.954709
2.0,2,13.958006
4.0,4,13.967465
2.0,2,13.972692
1.0,1,13.97376
1.0,1,13.974793
1.0,1,13.975806
1.0,1,13.976811
2.0,2,13.981948
1.0,1,13.982979
4.0,4,13.992233
3.0,3,13.999684
3.0,3,14.008108
2.0,2,14.011349
1.0,1,14.014577
2.0,2,14.017775
4.0,4,14.027197
1.0,1,14.028293
4.0,4,14.037729
2.0,2,14.040926
1.0,1,14.041986
1.0,1,14.044972
5.0,5,14.056498
1.0,1,14.057543
4.0,4,14.066818
2.0,2,14.070021
1.0,1,14.071094
2.0,2,14.07617
1.0,1,14.077222
1.0,1,14.078248
2.0,2,14.0814
4.0,4,14.090665
1.0,1,14.091688
1.0,1,14.094717
1.0,1,14.09576
1.0,1,14.096792
4.0,4,14.108327
1.0,1,14.109356
1.0,1,14.110409
1.0,1,14.111446
5.0,5,14.123496
1.0,1,14.126479
2.0,2,14.129657
2.0,2,14.132806
1.0,1,14.135742
3.0,3,14.141193
1.0,1,14.142275
2.0,2,14.147477
1.0,1,14.148497
1.0,1,14.149488
1.0,1,14.150472
3.0,3,14.157908
4.0,4,14.167275
1.0,1,14.168301
2.0,2,14.171461
2.0,2,14.176651
2.0,2,14.179823
1.0,1,14.180835
1.0,1,14.183792
1.0,1,14.184817
1.0,1,14.185811
6.0,6,14.199269
1.0,1,14.20032
1.0,1,14.203329
1.0,1,14.204362
2.0,2,14.209199
4.0,4,14.219352
1.0,1,14.220403
1.0,1,14.221449
4.0,4,14.23111
1.0,1,14.232133
2.0,2,14.237311
2.0,2,14.240479
1.0,1,14.241491
1.0,1,14.24445
4.0,4,14.251895
1.0,1,14.254841
2.0,2,14.258013
1.0,1,14.259044
2.0,2,14.264054
1.0,1,14.265093
2.0,2,14.268254
1.0,1,14.269288
5.0,5,14.280803
3.0,3,14.288053
1.0,1,14.28908
1.0,1,14.290112
1.0,1,14.293262
1.0,1,14.294306
1.0,1,14.295328
3.0,3,14.302453
3.0,3,14.307673
2.0,2,14.315184
2.0,2,14.31859
1.0,1,14.319627
1.0,1,14.320629
1.0,1,14.323983
2.0,2,14.327387
2.0,2,14.330563
1.0,1,14.333606
2.0,2,14.336775
1.0,1,14.337795
1.0,1,14.338821
1.0,1,14.341979
2.0,2,14.345194
4.0,4,14.35464
3.0,3,14.359929
4.0,4,14.369254
2.0,2,14.374237
1.0,1,14.375275
1.0,1,14.376307
2.0,2,14.379472
1.0,1,14.382624
1.0,1,14.383661
1.0,1,14.384687
1.0,1,14.385715
2.0,2,14.390982
1.0,1,14.392006
1.0,1,14.393041
3.0,3,14.400361
1.0,1,14.401393
3.0,3,14.406769
1.0,1,14.410412
2.0,2,14.413942
1.0,1,14.415017
1.0,1,14.417899
4.0,4,14.428769
1.0,1,14.429866
1.0,1,14.433375
4.0,4,14.441547
1.0,1,14.444734
1.0,1,14.446171
2.0,2,14.449533
1.0,1,14.450599
2.0,2,14.45623
2.0,2,14.459369
3.0,3,14.466558
1.0,1,14.467555
1.0,1,14.468554
2.0,2,14.473628
1.0,1,14.474664
2.0,2,14.477776
1.0,1,14.47882
5.0,5,14.490422
2.0,2,14.495511
1.0,1,14.496509
1.0,1,14.497522
2.0,2,14.502509
1.0,1,14.503551
3.0,3,14.508751
1.0,1,14.511726
1.0,1,14.512769
1.0,1,14.513794
1.0,1,14.514847
1.0,1,14.515879
2.0,2,14.520952
1.0,1,14.521986
2.0,2,14.527358
1.0,1,14.530668
1.0,1,14.531782
2.0,2,14.535162
2.0,2,14.540478
3.0,3,14.545739
1.0,1,14.546762
1.0,1,14.551099
1.0,1,14.552196
2.0,2,14.555448
1.0,1,14.556511
2.0,2,14.561775
1.0,1,14.562827
2.0,2,14.565971
8.0,8,14.585556
1.0,1,14.586574
1.0,1,14.58758
1.0,1,14.590538
1.0,1,14.591541
1.0,1,14.592536
2.0,2,14.595703
2.0,2,14.600731
1.0,1,14.601729
1.0,1,14.60273
1.0,1,14.60373
1.0,1,14.60668
1.0,1,14.60771
1.0,1,14.608745
3.0,3,14.615961
2.0,2,14.619061
1.0,1,14.620108
1.0,1,14.621139
3.0,3,14.628311
5.0,5,14.642463
1.0,1,14.6435
1.0,1,14.644554
4.0,4,14.654426
1.0,1,14.65551
1.0,1,14.6586
1.0,1,14.659675
1.0,1,14.660717
1.0,1,14.661788
2.0,2,14.666911
1.0,1,14.66794
1.0,1,14.668967
1.0,1,14.669991
3.0,3,14.67715
2.0,2,14.680365
3.0,3,14.687407
1.0,1,14.688435
1.0,1,14.689441
1.0,1,14.690433
1.0,1,14.6933
1.0,1,14.694295
2.0,2,14.697346
1.0,1,14.698331
4.0,4,14.707713
1.0,1,14.708739
1.0,1,14.711648
2.0,2,14.714815
3.0,3,14.721763
1.0,1,14.722778
4.0,4,14.731952
2.0,2,14.735016
1.0,1,14.73601
3.0,3,14.745862
2.0,2,14.749073
1.0,1,14.750224
1.0,1,14.753419
1.0,1,14.754511
2.0,2,14.757933
1.0,1,14.758993
2.0,2,14.764151
1.0,1,14.76517
1.0,1,14.766195
1.0,1,14.767191
1.0,1,14.770428
1.0,1,14.771437
3.0,3,14.776733
1.0,1,14.779654
2.0,2,14.782878
3.0,3,14.789972
2.0,2,14.793149
1.0,1,14.794162
4.0,4,14.803666
1.0,1,14.804691
1.0,1,14.805756
1.0,1,14.808826
1.0,1,14.809855
2.0,2,14.81307
1.0,1,14.814081
2.0,2,14.819078
1.0,1,14.820075
4.0,4,14.829427
2.0,2,14.832504
3.0,3,14.839666
2.0,2,14.84283
1.0,1,14.843961
1.0,1,14.848767
3.0,3,14.854234
2.0,2,14.859883
1.0,1,14.861011
1.0,1,14.862037
2.0,2,14.865265
1.0,1,14.868699
5.0,5,14.880401
2.0,2,14.883502
1.0,1,14.88453
1.0,1,14.88554
5.0,5,14.896887
3.0,3,14.904202
1.0,1,14.905219
2.0,2,14.910259
4.0,4,14.917559
2.0,2,14.922567
1.0,1,14.92358
2.0,2,14.926705
1.0,1,14.937897
1.0,1,14.939082
1.0,1,14.940139
1.0,1,14.941313
1.0,1,14.942412
2.0,2,14.947768
1.0,1,14.950483
2.0,2,14.953892
1.0,1,14.957103
1.0,1,14.958324
6.0,6,14.97292
1.0,1,14.974015
3.0,3,14.981419
3.0,3,14.98682
2.0,2,14.992045
2.0,2,14.995167
2.0,2,15.000375
1.0,1,15.00143
1.0,1,15.002507
1.0,1,15.00354
2.0,2,15.008691
1.0,1,15.009729
1.0,1,15.010929
2.0,2,15.01409
1.0,1,15.017384
1.0,1,15.018455
1.0,1,15.019505
1.0,1,15.020533
2.0,2,15.025645
3.0,3,15.030981
1.0,1,15.031994
1.0,1,15.034974
2.0,2,15.038157
2.0,2,15.041256
3.0,3,15.048446
2.0,2,15.051578
3.0,3,15.060714
2.0,2,15.064049
2.0,2,15.070956
1.0,1,15.072019
1.0,1,15.073091
1.0,1,15.074137
7.0,7,15.092178
4.0,4,15.1014
1.0,1,15.102404
2.0,2,15.105476
1.0,1,15.106489
1.0,1,15.109398
3.0,3,15.114699
2.0,2,15.119798
1.0,1,15.120846
3.0,3,15.126152
2.0,2,15.131333
2.0,2,15.134513
1.0,1,15.135502
2.0,2,15.140507
1.0,1,15.141503
1.0,1,15.142502
1.0,1,15.143493
2.0,2,15.148565
2.0,2,15.15164
1.0,1,15.152678
2.0,2,15.157765
1.0,1,15.158764
3.0,3,15.168361
1.0,1,15.169527
3.0,3,15.175126
2.0,2,15.180694
1.0,1,15.181779
2.0,2,15.184948
1.0,1,15.187877
2.0,2,15.191054
2.0,2,15.194152
1.0,1,15.197134
1.0,1,15.198215
1.0,1,15.199262
2.0,2,15.202479
1.0,1,15.205379
1.0,1,15.206396
1.0,1,15.207447
1.0,1,15.208475
2.0,2,15.213576
1.0,1,15.214581
2.0,2,15.217753
1.0,1,15.218785
2.0,2,15.224571
4.0,4,15.233742
2.0,2,15.236915
5.0,5,15.24839
3.0,3,15.255436
2.0,2,15.25852
2.0,2,15.261665
1.0,1,15.264679
1.0,1,15.265714
1.0,1,15.266707
3.0,3,15.276324
2.0,2,15.279617
1.0,1,15.28067
1.0,1,15.281701
4.0,4,15.291581
3.0,3,15.299274
1.0,1,15.300294
1.0,1,15.301307
3.0,3,15.308535
2.0,2,15.311676
1.0,1,15.312676
1.0,1,15.315771
6.0,6,15.32939
1.0,1,15.33043
1.0,1,15.331477
1.0,1,15.332511
3.0,3,15.339709
3.0,3,15.34681
5.0,5,15.358326
1.0,1,15.359366
1.0,1,15.360389
2.0,2,15.363539
1.0,1,15.366463
1.0,1,15.367499
2.0,2,15.370705
2.0,2,15.377919
1.0,1,15.379034
1.0,1,15.380197
1.0,1,15.381332
2.0,2,15.386805
1.0,1,15.387884
3.0,3,15.393312
1.0,1,15.396344
2.0,2,15.399468
1.0,1,15.400461
1.0,1,15.40147
1.0,1,15.404556
2.0,2,15.407781
3.0,3,15.415183
1.0,1,15.416256
1.0,1,15.417295
1.0,1,15.418315
1.0,1,15.419345
1.0,1,15.422237
1.0,1,15.423243
5.0,5,15.434469
3.0,3,15.439715
2.0,2,15.444751
2.0,2,15.44793
1.0,1,15.448972
1.0,1,15.451883
2.0,2,15.455052
1.0,1,15.456077
1.0,1,15.457236
1.0,1,15.460217
1.0,1,15.461238
1.0,1,15.46228
1.0,1,15.463296
2.0,2,15.468353
1.0,1,15.469393
2.0,2,15.472609
1.0,1,15.473705
2.0,2,15.478809
1.0,1,15.479828
9.0,9,15.503959
2.0,2,15.507013
1.0,1,15.50803
1.0,1,15.510941
1.0,1,15.511961
2.0,2,15.515043
2.0,2,15.520209
1.0,1,15.521263
3.0,3,15.526473
1.0,1,15.529332
2.0,2,15.532484
1.0,1,15.53347
1.0,1,15.534458
1.0,1,15.537393
1.0,1,15.53843
2.0,2,15.541504
1.0,1,15.54249
2.0,2,15.54747
2.0,2,15.550598
1.0,1,15.551586
6.0,6,15.56703
1.0,1,15.568071
2.0,2,15.571134
3.0,3,15.578408
1.0,1,15.579446
1.0,1,15.580463
1.0,1,15.581473
1.0,1,15.584378
1.0,1,15.585362
2.0,2,15.588531
1.0,1,15.591261
1.0,1,15.594844
2.0,2,15.598198
1.0,1,15.599277
1.0,1,15.600432
3.0,3,15.608008
1.0,1,15.609048
1.0,1,15.610083
1.0,1,15.613126
1.0,1,15.614166
2.0,2,15.617339
1.0,1,15.618371
3.0,3,15.62559
1.0,1,15.626612
1.0,1,15.627645
7.0,7,15.645113
2.0,2,15.648209
3.0,3,15.655297
2.0,2,15.6584
2.0,2,15.66347
2.0,2,15.666634
1.0,1,15.667622
1.0,1,15.668627
1.0,1,15.671572
1.0,1,15.672606
3.0,3,15.67799
5.0,5,15.689341
1.0,1,15.693234
1.0,1,15.69424
1.0,1,15.695246
3.0,3,15.704729
1.0,1,15.705792
2.0,2,15.709251
1.0,1,15.710256
3.0,3,15.717668
1.0,1,15.718697
1.0,1,15.719785
2.0,2,15.72544
2.0,2,15.728616
2.0,2,15.733779
2.0,2,15.736986
2.0,2,15.740133
3.0,3,15.747286
1.0,1,15.748465
1.0,1,15.749484
1.0,1,15.752448
2.0,2,15.755574
1.0,1,15.756609
1.0,1,15.757635
1.0,1,15.760594
1.0,1,15.76164
2.0,2,15.764773
1.0,1,15.765789
1.0,1,15.768949
1.0,1,15.769994
1.0,1,15.771045
1.0,1,15.772066
1.0,1,15.773095
2.0,2,15.778227
1.0,1,15.779265
1.0,1,15.780339
1.0,1,15.781386
3.0,3,15.788588
2.0,2,15.791698
2.0,2,15.796754
1.0,1,15.797784
3.0,3,15.807245
2.0,2,15.81066
1.0,1,15.811706
2.0,2,15.817179
1.0,1,15.818243
1.0,1,15.819268
1.0,1,15.820297
1.0,1,15.821322
2.0,2,15.826648
4.0,4,15.836276
1.0,1,15.83735
1.0,1,15.838434
2.0,2,15.841661
2.0,2,15.84685
1.0,1,15.847871
5.0,5,15.859159
1.0,1,15.860156
3.0,3,15.867411
1.0,1,15.86859
1.0,1,15.869691
1.0,1,15.870775
3.0,3,15.878037
3.0,3,15.885282
6.0,6,15.898848
1.0,1,15.899854
3.0,3,15.906939
3.0,3,15.914267
1.0,1,15.915418
1.0,1,15.921659
3.0,3,15.927404
1.0,1,15.928455
3.0,3,15.936433
1.0,1,15.93746
1.0,1,15.938474
1.0,1,15.94177
5.0,5,15.953231
4.0,4,15.960527
3.0,3,15.967599
4.0,4,15.976672
2.0,2,15.979813
3.0,3,15.986809
3.0,3,15.991939
2.0,2,15.997379
2.0,2,16.000459
1.0,1,16.001481
1.0,1,16.004818
2.0,2,16.008016
1.0,1,16.009002
1.0,1,16.009983
1.0,1,16.012925
2.0,2,16.018013
1.0,1,16.019083
2.0,2,16.024861
3.0,3,16.030311
2.0,2,16.035463
1.0,1,16.03651
3.0,3,16.041778
1.0,1,16.045083
1.0,1,16.046126
2.0,2,16.049251
1.0,1,16.050398
1.0,1,16.0534
1.0,1,16.054431
1.0,1,16.055464
1.0,1,16.056483
1.0,1,16.057493
1.0,1,16.060416
1.0,1,16.061461
1.0,1,16.062452
1.0,1,16.063436
1.0,1,16.064429
1.0,1,16.067315
2.0,2,16.070498
1.0,1,16.071524
1.0,1,16.072567
2.0,2,16.077636
1.0,1,16.078628
1.0,1,16.079621
1.0,1,16.080606
1.0,1,16.083464
2.0,2,16.086652
1.0,1,16.087766
2.0,2,16.092779
2.0,2,16.09585
2.0,2,16.098976
1.0,1,16.101842
1.0,1,16.102848
1.0,1,16.103867
1.0,1,16.104895
3.0,3,16.112152
2.0,2,16.115304
1.0,1,16.116349
2.0,2,16.121414
1.0,1,16.122452
1.0,1,16.125117
1.0,1,16.126219
1.0,1,16.130901
1.0,1,16.132043
2.0,2,16.135407
2.0,2,16.140847
1.0,1,16.141904
1.0,1,16.142932
1.0,1,16.144137
3.0,3,16.15149
1.0,1,16.15255
1.0,1,16.153615
2.0,2,16.15875
3.0,3,16.164095
2.0,2,16.169185
1.0,1,16.170231
2.0,2,16.173466
1.0,1,16.1745
1.0,1,16.177524
3.0,3,16.182785
4.0,4,16.192195
2.0,2,16.195404
2.0,2,16.200437
4.0,4,16.20959
1.0,1,16.210625
1.0,1,16.211701
2.0,2,16.214833
2.0,2,16.219854
3.0,3,16.225102
1.0,1,16.230053
2.0,2,16.233663
2.0,2,16.236828
4.0,4,16.246369
1.0,1,16.247405
4.0,4,16.256861
2.0,2,16.262019
3.0,3,16.267267
2.0,2,16.272308
4.0,4,16.279611
4.0,4,16.288852
2.0,2,16.294311
1.0,1,16.29541
2.0,2,16.298646
1.0,1,16.299698
1.0,1,16.302767
1.0,1,16.303812
1.0,1,16.304864
1.0,1,16.305901
1.0,1,16.306904
1.0,1,16.309818
1.0,1,16.311029
4.0,4,16.320384
1.0,1,16.321433
2.0,2,16.324616
5.0,5,16.338222
1.0,1,16.339407
1.0,1,16.342671
1.0,1,16.343713
1.0,1,16.344704
1.0,1,16.345694
1.0,1,16.346747
1.0,1,16.351301
1.0,1,16.352361
1.0,1,16.353386
1.0,1,16.354422
1.0,1,16.355438
1.0,1,16.358395
1.0,1,16.359421
1.0,1,16.360448
1.0,1,16.361499
3.0,3,16.368649
3.0,3,16.373906
1.0,1,16.376836
1.0,1,16.377834
1.0,1,16.378838
1.0,1,16.379827
1.0,1,16.380818
4.0,4,16.389936
2.0,2,16.395154
1.0,1,16.396235
1.0,1,16.397266
1.0,1,16.398264
1.0,1,16.399252
1.0,1,16.402082
1.0,1,16.403231
1.0,1,16.404312
1.0,1,16.405324
2.0,2,16.410455
1.0,1,16.411516
1.0,1,16.412563
1.0,1,16.413603
2.0,2,16.418855
2.0,2,16.422183
1.0,1,16.423183
2.0,2,16.428322
2.0,2,16.431542
1.0,1,16.432576
1.0,1,16.433603
1.0,1,16.4366
3.0,3,16.443918
1.0,1,16.444966
3.0,3,16.453658
2.0,2,16.456968
1.0,1,16.460122
1.0,1,16.461142
1.0,1,16.462188
1.0,1,16.463247
1.0,1,16.464271
4.0,4,16.473625
3.0,3,16.480915
1.0,1,16.481956
4.0,4,16.491304
1.0,1,16.492345
1.0,1,16.493378
1.0,1,16.494388
3.0,3,16.501756
1.0,1,16.502814
1.0,1,16.503853
4.0,4,16.513267
1.0,1,16.514264
4.0,4,16.523601
1.0,1,16.524605
2.0,2,16.529789
3.0,3,16.535088
3.0,3,16.542399
1.0,1,16.543469
3.0,3,16.552681
1.0,1,16.553861
3.0,3,16.561507
1.0,1,16.562562
1.0,1,16.563629
1.0,1,16.564657
1.0,1,16.565671
1.0,1,16.568573
2.0,2,16.571857
1.0,1,16.572852
2.0,2,16.577982
1.0,1,16.638369
1.0,1,16.639458
1.0,1,16.640491
1.0,1,16.641519
1.0,1,16.644847
3.0,3,16.650295
1.0,1,16.651337
4.0,4,16.66277
1.0,1,16.66378
1.0,1,16.667047
2.0,2,16.670211
1.0,1,16.671244
1.0,1,16.672323
1.0,1,16.675397
2.0,2,16.678611
1.0,1,16.679604
2.0,2,16.684736
2.0,2,16.687938
2.0,2,16.691123
1.0,1,16.694141
2.0,2,16.697338
1.0,1,16.698334
1.0,1,16.699361
4.0,4,16.708735
1.0,1,16.709767
1.0,1,16.712703
3.0,3,16.718184
1.0,1,16.719231
1.0,1,16.722255
1.0,1,16.723287
1.0,1,16.724311
3.0,3,16.731904
6.0,6,16.745356
6.0,6,16.758892
3.0,3,16.768404
1.0,1,16.769472
1.0,1,16.770503
2.0,2,16.773781
7.0,7,16.792166
1.0,1,16.793194
2.0,2,16.796281
1.0,1,16.799394
2.0,2,16.802539
1.0,1,16.803559
1.0,1,16.804624
2.0,2,16.809869
8.0,8,16.827527
1.0,1,16.830437
1.0,1,16.831513
2.0,2,16.834671
1.0,1,16.835669
3.0,3,16.842903
1.0,1,16.843947
1.0,1,16.845028
1.0,1,16.848043
1.0,1,16.849131
1.0,1,16.850186
1.0,1,16.851239
1.0,1,16.85229
1.0,1,16.855299
3.0,3,16.860743
1.0,1,16.861773
1.0,1,16.864744
4.0,4,16.874282
1.0,1,16.877521
1.0,1,16.878573
2.0,2,16.881862
3.0,3,16.889623
1.0,1,16.890698
3.0,3,16.898146
1.0,1,16.899198
2.0,2,16.902328
1.0,1,16.903374
1.0,1,16.906437
1.0,1,16.907527
1.0,1,16.908585
3.0,3,16.915906
1.0,1,16.91695
1.0,1,16.917995
1.0,1,16.919027
2.0,2,16.924135
1.0,1,16.925148
2.0,2,16.928299
2.0,2,16.933488
2.0,2,16.936671
2.0,2,16.939854
2.0,2,16.945003
3.0,3,16.950184
1.0,1,16.961515
2.0,2,16.964859
2.0,2,16.968343
1.0,1,16.971492
5.0,5,16.98554
2.0,2,16.988843
2.0,2,16.992359
1.0,1,16.995554
1.0,1,16.996597
1.0,1,16.997645
1.0,1,16.998757
1.0,1,16.999774
1.0,1,17.002714
3.0,3,17.008101
1.0,1,17.009108
2.0,2,17.014261
2.0,2,17.017519
3.0,3,17.024745
2.0,2,17.027878
1.0,1,17.028903
1.0,1,17.031877
1.0,1,17.032919
1.0,1,17.033936
4.0,4,17.043219
2.0,2,17.046422
8.0,8,17.066167
1.0,1,17.067204
2.0,2,17.070354
3.0,3,17.07753
2.0,2,17.080596
4.0,4,17.092575
1.0,1,17.093582
2.0,2,17.099317
2.0,2,17.102471
2.0,2,17.107516
1.0,1,17.108517
2.0,2,17.111713
3.0,3,17.119217
1.0,1,17.120213
1.0,1,17.121207
1.0,1,17.1222
2.0,2,17.127288
3.0,3,17.132473
2.0,2,17.137581
4.0,4,17.147095
2.0,2,17.150299
2.0,2,17.153573
1.0,1,17.156595
2.0,2,17.159871
2.0,2,17.163111
1.0,1,17.166357
2.0,2,17.169714
1.0,1,17.170715
4.0,4,17.18032
1.0,1,17.181339
2.0,2,17.186737
1.0,1,17.187792
1.0,1,17.188788
2.0,2,17.193889
1.0,1,17.197636
5.0,5,17.211068
1.0,1,17.212185
2.0,2,17.215648
3.0,3,17.223407
1.0,1,17.224475
1.0,1,17.225542
3.0,3,17.233591
1.0,1,17.234698
1.0,1,17.235716
2.0,2,17.241848
3.0,3,17.247614
2.0,2,17.253971
1.0,1,17.255092
1.0,1,17.256139
3.0,3,17.264399
3.0,3,17.270169
3.0,3,17.283535
1.0,1,17.284635
2.0,2,17.287932
2.0,2,17.294253
1.0,1,17.295399
1.0,1,17.298141
1.0,1,17.299543
1.0,1,17.30411
1.0,1,17.305299
1.0,1,17.306382
2.0,2,17.310294
2.0,2,17.31576
1.0,1,17.317016
1.0,1,17.31842
1.0,1,17.319521
1.0,1,17.323239
1.0,1,17.324506
1.0,1,17.325594
2.0,2,17.328964
2.0,2,17.334929
1.0,1,17.336013
1.0,1,17.337066
2.0,2,17.342843
1.0,1,17.343941
1.0,1,17.344973
4.0,4,17.35511
3.0,3,17.360566
1.0,1,17.363734
1.0,1,17.364803
