honest_proportion,round,total_honest_effective_balance,alpha,sum_balance_honest,sum_balance_all,take
0.3000000000000001,0,657,0.0,960.0,3107.786204665459,0
0.21000000000000005,1,721,-1.0,651.9535227533613,3107.786204665459,0
0.23000000000000007,2,508,-2.0,715.9535227533614,3218.6866722136206,0
0.16,3,832,-3.0,513.3819155525972,3482.930686801611,0
0.26000000000000006,4,544,-4.0,908.4671931207234,3778.99283215631,0
0.17,5,576,-5.0,624.7364529638389,4257.278819766764,0
0.18000000000000002,6,448,-6.0,775.3497873546212,4806.979891909099,0
0.13999999999999999,7,288,-7.0,695.1146343816217,5490.193062925304,0
0.09,8,64,-8.0,498.0853511095145,6325.818956288578,0
0.02,9,0,-9.0,140.0052778834149,7358.469013106736,0
0.0,10,0,-10.0,0.0,8480.249101041918,0
0.0,11,0,-11.0,0.0,9641.309052933462,0
0.0,12,0,-12.0,0.0,10839.107189275159,0
0.0,13,0,-13.0,0.0,12071.483781082326,0
0.0,14,0,-14.0,0.0,13336.575388904315,0
0.0,15,0,-15.0,0.0,14632.753919293451,0
0.0,16,0,-16.0,0.0,15958.581882691551,0
0.0,17,0,-17.0,0.0,17312.778686990532,0
0.0,18,0,-18.0,0.0,18694.194689964483,0
0.0,19,0,-19.0,0.0,20101.790853666527,0
0.0,20,0,-20.0,0.0,21534.622536149087,0
0.0,21,0,-21.0,0.0,22991.82639915248,0
0.0,22,0,-22.0,0.0,24472.609702963608,0
0.0,23,0,-23.0,0.0,25976.241457846158,0
0.0,24,0,-24.0,0.0,27502.04503882938,0
0.0,25,0,-25.0,0.0,29049.39196782262,0
0.0,26,0,-26.0,0.0,30617.696637013047,0
0.0,27,0,-27.0,0.0,32206.411798733076,0
0.0,28,0,-28.0,0.0,33815.024685031676,0
0.0,29,0,-29.0,0.0,35443.05364881906,0
0.0,30,0,-30.0,0.0,37090.045240265215,0
0.0,31,0,-31.0,0.0,38755.57164893293,0
0.0,32,0,-32.0,0.0,40439.22845519584,0
0.0,33,0,-33.0,0.0,42140.63264475806,0
0.0,34,0,-34.0,0.0,43859.4208482239,0
0.0,35,0,-35.0,0.0,45595.24777416215,0
0.0,36,0,-36.0,0.0,47347.78480933529,0
0.0,37,0,-37.0,0.0,49116.71876399809,0
0.0,38,0,-38.0,0.0,50901.75074362698,0
0.0,39,0,-39.0,0.0,52702.59513127316,0
0.0,40,0,-40.0,0.0,54518.97866707551,0
0.0,41,0,-41.0,0.0,56350.63961341066,0
0.0,42,0,-42.0,0.0,58197.32699577729,0
0.0,43,0,-43.0,0.0,60058.799910871574,0
0.0,44,0,-44.0,0.0,61934.82689445417,0
0.0,45,0,-45.0,0.0,63825.18534257614,0
0.0,46,0,-46.0,0.0,65729.66098055581,0
0.0,47,0,-47.0,0.0,67648.04737479636,0
0.0,48,0,-48.0,0.0,69580.14548313616,0
0.0,49,0,-49.0,0.0,71525.76323994003,0
0.0,50,0,-50.0,0.0,73484.71517258111,0
0.0,51,0,-51.0,0.0,75456.82204635018,0
0.0,52,0,-52.0,0.0,77441.91053516207,0
0.0,53,0,-53.0,0.0,79439.81291571695,0
0.0,54,0,-54.0,0.0,81450.36678303091,0
0.0,55,0,-55.0,0.0,83473.41478546849,0
0.0,56,0,-56.0,0.0,85508.80437760575,0
0.0,57,0,-57.0,0.0,87556.38758942371,0
0.0,58,0,-58.0,0.0,89616.02081048279,0
0.0,59,0,-59.0,0.0,91687.56458785913,0
0.0,60,0,-60.0,0.0,93770.8834367475,0
0.0,61,0,-61.0,0.0,95865.8456627345,0
0.0,62,0,-62.0,0.0,97972.32319484172,0
0.0,63,0,-63.0,0.0,100090.19142852222,0
0.0,64,0,-64.0,0.0,102219.32907786609,0
0.0,65,0,-65.0,0.0,104359.61803633794,0
0.0,66,0,-66.0,0.0,106510.94324542946,0
0.0,67,0,-67.0,0.0,108673.19257066291,0
0.0,68,0,-68.0,0.0,110846.25668442862,0
0.0,69,0,-69.0,0.0,113030.02895518554,0
0.0,70,0,-70.0,0.0,115224.40534258992,0
0.0,71,0,-71.0,0.0,117429.28429815506,0
0.0,72,0,-72.0,0.0,119644.5666710751,0
0.0,73,0,-73.0,0.0,121870.1556188769,0
0.0,74,0,-74.0,0.0,124105.95652258741,0
0.0,75,0,-75.0,0.0,126351.87690613275,0
0.0,76,0,-76.0,0.0,128607.8263597007,0
0.0,77,0,-77.0,0.0,130873.71646682432,0
0.0,78,0,-78.0,0.0,133149.46073495768,0
0.0,79,0,-79.0,0.0,135434.97452933574,0
0.0,80,0,-80.0,0.0,137730.17500991985,0
0.0,81,0,-81.0,0.0,140034.9810712526,0
0.0,82,0,-82.0,0.0,142349.31328504725,0
0.0,83,0,-83.0,0.0,144673.09384536144,0
0.0,84,0,-84.0,0.0,147006.24651620488,0
0.0,85,0,-85.0,0.0,149348.69658144633,0
0.0,86,0,-86.0,0.0,151700.3707968924,0
0.0,87,0,-87.0,0.0,154061.19734442187,0
0.0,88,0,-88.0,0.0,156431.1057880611,0
0.0,89,0,-89.0,0.0,158810.0270319002,0
0.0,90,0,-90.0,0.0,161197.89327975048,0
0.0,91,0,-91.0,0.0,163594.63799645504,0
0.0,92,0,-92.0,0.0,166000.19587076482,0
0.0,93,0,-93.0,0.0,168414.50277970106,0
0.0,94,0,-94.0,0.0,170837.49575433094,0
0.0,95,0,-95.0,0.0,173269.1129468828,0
0.0,96,0,-96.0,0.0,175709.29359913734,0
0.0,97,0,-97.0,0.0,178157.97801203147,0
0.0,98,0,-98.0,0.0,180615.1075164163,0
0.0,99,0,-99.0,0.0,183080.62444491367,0
0.0,100,0,-100.0,0.0,185554.47210482068,0
0.0,101,0,-101.0,0.0,188036.59475201016,0
0.0,102,0,-102.0,0.0,190526.93756578522,0
0.0,103,0,-103.0,0.0,193025.44662463886,0
0.0,104,0,-104.0,0.0,195532.0688828821,0
0.0,105,0,-105.0,0.0,198046.7521480987,0
0.0,106,0,-106.0,0.0,200569.44505939021,0
0.0,107,0,-107.0,0.0,203100.0970663773,0
0.0,108,0,-108.0,0.0,205638.65840892264,0
0.0,109,0,-109.0,0.0,208185.0800975459,0
0.0,110,0,-110.0,0.0,210739.31389449874,0
0.0,111,0,-111.0,0.0,213301.3122954749,0
0.0,112,0,-112.0,0.0,215871.02851192525,0
0.0,113,0,-113.0,0.0,218448.4164539547,0
0.0,114,0,-114.0,0.0,221033.4307137757,0
0.0,115,0,-115.0,0.0,223626.02654969643,0
0.0,116,0,-116.0,0.0,226226.15987062143,0
0.0,117,0,-117.0,0.0,228833.7872210428,0
0.0,118,0,-118.0,0.0,231448.8657665049,0
0.0,119,0,-119.0,0.0,234071.35327952163,0
0.0,120,0,-120.0,0.0,236701.20812592885,0
0.0,121,0,-121.0,0.0,239338.38925165602,0
0.0,122,0,-122.0,0.0,241982.85616989894,0
0.0,123,0,-123.0,0.0,244634.5689486813,0
0.0,124,0,-124.0,0.0,247293.48819878584,0
0.0,125,0,-125.0,0.0,249959.57506204487,0
0.0,126,0,-126.0,0.0,252632.79119997539,0
0.0,127,0,-127.0,0.0,255313.09878274682,0
0.0,128,0,-128.0,0.0,258000.46047846618,0
0.0,129,0,-129.0,0.0,260694.83944277262,0
0.0,130,0,-130.0,0.0,263396.1993087287,0
0.0,131,0,-131.0,0.0,266104.5041769968,0
0.0,132,0,-132.0,0.0,268819.718606293,0
0.0,133,0,-133.0,0.0,271541.80760410515,0
0.0,134,0,-134.0,0.0,274270.7366176678,0
0.0,135,0,-135.0,0.0,277006.4715251868,0
0.0,136,0,-136.0,0.0,279748.9786273009,0
0.0,137,0,-137.0,0.0,282498.2246387736,0
0.0,138,0,-138.0,0.0,285254.17668041214,0
0.0,139,0,-139.0,0.0,288016.8022711966,0
0.0,140,0,-140.0,0.0,290786.0693206201,0
0.0,141,0,-141.0,0.0,293561.946121231,0
0.0,142,0,-142.0,0.0,296344.40134136623,0
0.0,143,0,-143.0,0.0,299133.4040180774,0
0.0,144,0,-144.0,0.0,301928.9235502338,0
0.0,145,0,-145.0,0.0,304730.9296918056,0
0.0,146,0,-146.0,0.0,307539.3925453159,0
0.0,147,0,-147.0,0.0,310354.28255545587,0
0.0,148,0,-148.0,0.0,313175.5705028632,0
0.0,149,0,-149.0,0.0,316003.22749805194,0
0.0,150,0,-150.0,0.0,318837.22497549397,0
0.0,151,0,-151.0,0.0,321677.5346878448,0
0.0,152,0,-152.0,0.0,324524.12870030943,0
0.0,153,0,-153.0,0.0,327376.9793851464,0
0.0,154,0,-154.0,0.0,330236.05941630126,0
0.0,155,0,-155.0,0.0,333101.34176417027,0
0.0,156,0,-156.0,0.0,335972.7996904876,0
0.0,157,0,-157.0,0.0,338850.4067433319,0
0.0,158,0,-158.0,0.0,341734.13675225247,0
0.0,159,0,-159.0,0.0,344623.9638235057,0
0.0,160,0,-160.0,0.0,347519.8623354035,0
0.0,161,0,-161.0,0.0,350421.8069337688,0
0.0,162,0,-162.0,0.0,353329.77252749295,0
0.0,163,0,-163.0,0.0,356243.7342841968,0
0.0,164,0,-164.0,0.0,359163.66762598656,0
0.0,165,0,-165.0,0.0,362089.54822530615,0
0.0,166,0,-166.0,0.0,365021.35200088366,0
0.0,167,0,-167.0,0.0,367959.0551137636,0
0.0,168,0,-168.0,0.0,370902.6339634306,0
0.0,169,0,-169.0,0.0,373852.06518401526,0
0.0,170,0,-170.0,0.0,376807.32564058306,0
0.0,171,0,-171.0,0.0,379768.39242550434,0
0.0,172,0,-172.0,0.0,382735.2428549015,0
0.0,173,0,-173.0,0.0,385707.85446517135,0
0.0,174,0,-174.0,0.0,388686.2050095846,0
0.0,175,0,-175.0,0.0,391670.27245495265,0
0.0,176,0,-176.0,0.0,394660.03497836733,0
0.0,177,0,-177.0,0.0,397655.47096400836,0
0.0,178,0,-178.0,0.0,400656.5590000161,0
0.0,179,0,-179.0,0.0,403663.2778754299,0
0.0,180,0,-180.0,0.0,406675.60657718853,0
0.0,181,0,-181.0,0.0,409693.52428719285,0
0.0,182,0,-182.0,0.0,412717.0103794267,0
0.0,183,0,-183.0,0.0,415746.0444171362,0
0.0,184,0,-184.0,0.0,418780.606150068,0
0.0,185,0,-185.0,0.0,421820.67551175924,0
0.0,186,0,-186.0,0.0,424866.232616883,0
0.0,187,0,-187.0,0.0,427917.2577586471,0
0.0,188,0,-188.0,0.0,430973.73140624183,0
0.0,189,0,-189.0,0.0,434035.63420233986,0
0.0,190,0,-190.0,0.0,437102.9469606427,0
0.0,191,0,-191.0,0.0,440175.65066347615,0
0.0,192,0,-192.0,0.0,443253.72645943123,0
0.0,193,0,-193.0,0.0,446337.1556610506,0
0.0,194,0,-194.0,0.0,449425.91974255827,0
0.0,195,0,-195.0,0.0,452520.0003376338,0
0.0,196,0,-196.0,0.0,455619.3792372263,0
0.0,197,0,-197.0,0.0,458724.0383874116,0
0.0,198,0,-198.0,0.0,461833.9598872884,0
0.0,199,0,-199.0,0.0,464949.1259869129,0
0.0,200,0,-200.0,0.0,468069.5190852729,0
0.0,201,0,-201.0,0.0,471195.1217282966,0
0.0,202,0,-202.0,0.0,474325.91660690244,0
0.0,203,0,-203.0,0.0,477461.88655507856,0
0.0,204,0,-204.0,0.0,480603.01454800164,0
0.0,205,0,-205.0,0.0,483749.2837001871,0
0.0,206,0,-206.0,0.0,486900.67726367444,0
0.0,207,0,-207.0,0.0,490057.1786262425,0
0.0,208,0,-208.0,0.0,493218.7713096579,0
0.0,209,0,-209.0,0.0,496385.43896795454,0
0.0,210,0,-210.0,0.0,499557.1653857433,0
0.0,211,0,-211.0,0.0,502733.93447655014,0
0.0,212,0,-212.0,0.0,505915.730281184,0
0.0,213,0,-213.0,0.0,509102.536966134,0
0.0,214,0,-214.0,0.0,512294.33882199216,0
0.0,215,0,-215.0,0.0,515491.1202619046,0
0.0,216,0,-216.0,0.0,518692.86582004925,0
0.0,217,0,-217.0,0.0,521899.56015013874,0
0.0,218,0,-218.0,0.0,525111.1880239479,0
0.0,219,0,-219.0,0.0,528327.7343298701,0
0.0,220,0,-220.0,0.0,531549.1840714901,0
0.0,221,0,-221.0,0.0,534775.5223661914,0
0.0,222,0,-222.0,0.0,538006.7344437755,0
0.0,223,0,-223.0,0.0,541242.8056451122,0
0.0,224,0,-224.0,0.0,544483.7214208082,0
0.0,225,0,-225.0,0.0,547729.4673298988,0
0.0,226,0,-226.0,0.0,550980.0290385606,0
0.0,227,0,-227.0,0.0,554235.3923188456,0
0.0,228,0,-228.0,0.0,557495.5430474357,0
0.0,229,0,-229.0,0.0,560760.4672044148,0
0.0,230,0,-230.0,0.0,564030.1508720657,0
0.0,231,0,-231.0,0.0,567304.5802336825,0
0.0,232,0,-232.0,0.0,570583.7415723997,0
0.0,233,0,-233.0,0.0,573867.6212700478,0
0.0,234,0,-234.0,0.0,577156.2058060189,0
0.0,235,0,-235.0,0.0,580449.4817561519,0
0.0,236,0,-236.0,0.0,583747.4357916397,0
0.0,237,0,-237.0,0.0,587050.0546779479,0
0.0,238,0,-238.0,0.0,590357.3252737534,0
0.0,239,0,-239.0,0.0,593669.2345298971,0
0.0,240,0,-240.0,0.0,596985.7694883557,0
0.0,241,0,-241.0,0.0,600306.9172812261,0
0.0,242,0,-242.0,0.0,603632.6651297269,0
0.0,243,0,-243.0,0.0,606963.0003432168,0
0.0,244,0,-244.0,0.0,610297.9103182227,0
0.0,245,0,-245.0,0.0,613637.3825374884,0
0.0,246,0,-246.0,0.0,616981.4045690326,0
0.0,247,0,-247.0,0.0,620329.9640652251,0
0.0,248,0,-248.0,0.0,623683.0487618721,0
0.0,249,0,-249.0,0.0,627040.6464773221,0
0.0,250,0,-250.0,0.0,630402.7451115758,0
0.0,251,0,-251.0,0.0,633769.3326454168,0
0.0,252,0,-252.0,0.0,637140.3971395514,0
0.0,253,0,-253.0,0.0,640515.9267337612,0
0.0,254,0,-254.0,0.0,643895.9096460688,0
0.0,255,0,-255.0,0.0,647280.3341719153,0
0.3000000000000001,0,940,0.0,960.0,3106.449772849017,1
0.3000000000000001,1,842,-1.0,933.2713636711488,3106.449772849017,1
0.2700000000000001,2,1144,-2.0,834.5985000382635,3206.174662536016,1
0.36000000000000015,3,863,-3.0,1154.6157050742647,3358.9914646449047,1
0.2700000000000001,4,800,-4.0,907.4445213347856,3651.8010742704864,1
0.25000000000000006,5,544,-5.0,921.5322977220922,4053.750788130113,1
0.17,6,352,-6.0,677.3894078193919,4630.99180294342,1
0.10999999999999999,7,320,-7.0,512.0886585986167,5376.771710325697,1
0.09999999999999999,8,384,-8.0,541.7773292187469,6202.607143849585,1
0.11999999999999998,9,416,-9.0,768.1258989232676,7042.508978158315,1
0.12999999999999998,10,416,-10.0,947.9587024344858,7909.112129791396,1
0.12999999999999998,11,576,-11.0,1007.1399883110793,8817.722298678751,1
0.18000000000000002,12,608,-12.0,1586.4082293133133,9658.027599729616,1
0.19000000000000003,13,640,-13.0,1815.120466021362,10523.256103453605,1
0.20000000000000004,14,640,-14.0,2150.589389782532,11388.24217865482,1
0.20000000000000004,15,320,-15.0,2337.8209998070233,12295.025279974347,1
0.09999999999999999,16,160,-16.0,1222.0149727668145,13465.286510610098,1
0.05,17,256,-17.0,684.0171885207235,14795.089784158243,1
0.08,18,256,-18.0,1193.5607042813285,16058.787190179042,1
0.08,19,224,-19.0,1327.5347777895656,17343.094956578232,1
0.07,20,192,-20.0,1244.1378306229103,18690.75375985291,1
0.060000000000000005,21,320,-21.0,1178.3718089505408,20086.78793616542,1
0.09999999999999999,22,288,-22.0,2048.9474291218608,21368.588088951146,1
0.09,23,192,-23.0,1980.4847284364378,22699.78537742713,1
0.060000000000000005,24,256,-24.0,1385.2056656746813,24141.07585775353,1
0.08,25,256,-25.0,1906.1014762803857,25537.720457621297,1
0.08,26,192,-26.0,2009.4339784197991,26952.21709526457,1
0.060000000000000005,27,224,-27.0,1582.0030592364385,28447.456237825238,1
0.07,28,256,-28.0,1939.26056703608,29926.689202651472,1
0.08,29,160,-29.0,2431.313739337241,31390.15194298861,1
0.05,30,160,-30.0,1629.858932417786,32968.76795411752,1
0.05,31,224,-31.0,1658.8809170000525,34562.242425615885,1
0.07,32,224,-32.0,2431.356795886287,36103.07435420854,1
0.07,33,160,-33.0,2620.7462766506283,37659.29945828969,1
0.05,34,256,-34.0,1904.5637875737532,39299.33415369025,1
0.08,35,96,-35.0,3081.8358519024805,40850.07524920871,1
0.03,36,64,-36.0,1243.6523199023104,42591.634829737166,1
0.02,37,128,-37.0,881.3542522603526,44382.4959627137,1
0.04,38,64,-38.0,1738.350499575201,46112.369904886866,1
0.02,39,64,-39.0,967.888787880564,47947.85466101935,1
0.02,40,64,-40.0,932.8909993501197,49776.38252350997,1
0.02,41,32,-41.0,995.9615495051606,51617.0269119843,1
0.01,42,32,-42.0,536.4276288092937,53507.94357747075,1
0.01,43,0,-43.0,549.1235925017165,55410.44585764855,1
0.0,44,0,-44.0,0.0,57363.57780268692,1
0.0,45,0,-45.0,0.0,59327.81310071387,1
0.0,46,0,-46.0,0.0,61303.15508254762,1
0.0,47,0,-47.0,0.0,63289.59470066991,1
0.0,48,0,-48.0,0.0,65287.11246726567,1
0.0,49,0,-49.0,0.0,67295.68008635947,1
0.0,50,0,-50.0,0.0,69315.26183340485,1
0.0,51,0,-51.0,0.0,71345.8157253299,1
0.0,52,0,-52.0,0.0,73387.2945159044,1
0.0,53,0,-53.0,0.0,75439.64654486194,1
0.0,54,0,-54.0,0.0,77502.81646407873,1
0.0,55,0,-55.0,0.0,79576.74586000954,1
0.0,56,0,-56.0,0.0,81661.37378826777,1
0.0,57,0,-57.0,0.0,83756.63723355875,1
0.0,58,0,-58.0,0.0,85862.47150598983,1
0.0,59,0,-59.0,0.0,87978.81058299623,1
0.0,60,0,-60.0,0.0,90105.58740465234,1
0.0,61,0,-61.0,0.0,92242.73412892841,1
0.0,62,0,-62.0,0.0,94390.1823524435,1
0.0,63,0,-63.0,0.0,96547.8633014345,1
0.0,64,0,-64.0,0.0,98715.7079969594,1
0.0,65,0,-65.0,0.0,100893.64739776978,1
0.0,66,0,-66.0,0.0,103081.6125237929,1
0.0,67,0,-67.0,0.0,105279.53456275162,1
0.0,68,0,-68.0,0.0,107487.34496209714,1
0.0,69,0,-69.0,0.0,109704.97550813023,1
0.0,70,0,-70.0,0.0,111932.35839393486,1
0.0,71,0,-71.0,0.0,114169.4262775319,1
0.0,72,0,-72.0,0.0,116416.11233147162,1
0.0,73,0,-73.0,0.0,118672.35028492889,1
0.0,74,0,-74.0,0.0,120938.074459226,1
0.0,75,0,-75.0,0.0,123213.21979759142,1
0.0,76,0,-76.0,0.0,125497.72188985947,1
0.0,77,0,-77.0,0.0,127791.51699273044,1
0.0,78,0,-78.0,0.0,130094.54204613248,1
0.0,79,0,-79.0,0.0,132406.73468616142,1
0.0,80,0,-80.0,0.0,134728.03325501512,1
0.0,81,0,-81.0,0.0,137058.37680829348,1
0.0,82,0,-82.0,0.0,139397.7051199851,1
0.0,83,0,-83.0,0.0,141745.95868542703,1
0.0,84,0,-84.0,0.0,144103.07872249233,1
0.0,85,0,-85.0,0.0,146469.00717122445,1
0.0,86,0,-86.0,0.0,148843.6866921181,1
0.0,87,0,-87.0,0.0,151227.06066321928,1
0.0,88,0,-88.0,0.0,153619.0731762005,1
0.0,89,0,-89.0,0.0,156019.66903154488,1
0.0,90,0,-90.0,0.0,158428.793732963,1
0.0,91,0,-91.0,0.0,160846.39348114727,1
0.0,92,0,-92.0,0.0,163272.41516696155,1
0.0,93,0,-93.0,0.0,165706.80636414696,1
0.0,94,0,-94.0,0.0,168149.51532162115,1
0.0,95,0,-95.0,0.0,170600.49095543698,1
0.0,96,0,-96.0,0.0,173059.68284045716,1
0.0,97,0,-97.0,0.0,175527.0412018002,1
0.0,98,0,-98.0,0.0,178002.5169061007,1
0.0,99,0,-99.0,0.0,180486.06145262712,1
0.0,100,0,-100.0,0.0,182977.62696429153,1
0.0,101,0,-101.0,0.0,185477.166178583,1
0.0,102,0,-102.0,0.0,187984.6324384567,1
0.0,103,0,-103.0,0.0,190499.97968319576,1
0.0,104,0,-104.0,0.0,193023.16243927737,1
0.0,105,0,-105.0,0.0,195554.1358112541,1
0.0,106,0,-106.0,0.0,198092.85547267194,1
0.0,107,0,-107.0,0.0,200639.2776570388,1
0.0,108,0,-108.0,0.0,203193.35914885576,1
0.0,109,0,-109.0,0.0,205755.0572747223,1
0.0,110,0,-110.0,0.0,208324.32989452616,1
0.0,111,0,-111.0,0.0,210901.1353927252,1
0.0,112,0,-112.0,0.0,213485.43266972827,1
0.0,113,0,-113.0,0.0,216077.18113338284,1
0.0,114,0,-114.0,0.0,218676.34069057147,1
0.0,115,0,-115.0,0.0,221282.87173892537,1
0.0,116,0,-116.0,0.0,223896.73515865437,1
0.0,117,0,-117.0,0.0,226517.89230449917,1
0.0,118,0,-118.0,0.0,229146.30499780757,1
0.0,119,0,-119.0,0.0,231781.93551873427,1
0.0,120,0,-120.0,0.0,234424.74659856933,1
0.0,121,0,-121.0,0.0,237074.70141219176,1
0.0,122,0,-122.0,0.0,239731.763570652,1
0.0,123,0,-123.0,0.0,242395.8971138814,1
0.0,124,0,-124.0,0.0,245067.06650353037,1
0.0,125,0,-125.0,0.0,247745.2366159323,1
0.0,126,0,-126.0,0.0,250430.37273519477,1
0.0,127,0,-127.0,0.0,253122.44054641627,1
0.0,128,0,-128.0,0.0,255821.4061290262,1
0.0,129,0,-129.0,0.0,258527.2359502504,1
0.0,130,0,-130.0,0.0,261239.89685869648,1
0.0,131,0,-131.0,0.0,263959.35607806104,1
0.0,132,0,-132.0,0.0,266685.5812009548,1
0.0,133,0,-133.0,0.0,269418.54018284637,1
0.0,134,0,-134.0,0.0,272158.2013361204,1
0.0,135,0,-135.0,0.0,274904.5333242505,1
0.0,136,0,-136.0,0.0,277657.5051560837,1
0.0,137,0,-137.0,0.0,280417.08618023584,1
0.0,138,0,-138.0,0.0,283183.24607959506,1
0.0,139,0,-139.0,0.0,285955.95486593107,1
0.0,140,0,-140.0,0.0,288735.18287461135,1
0.0,141,0,-141.0,0.0,291520.90075941733,1
0.0,142,0,-142.0,0.0,294313.07948746375,1
0.0,143,0,-143.0,0.0,297111.69033421465,1
0.0,144,0,-144.0,0.0,299916.70487859973,1
0.0,145,0,-145.0,0.0,302728.09499822254,1
0.0,146,0,-146.0,0.0,305545.83286466426,1
0.0,147,0,-147.0,0.0,308369.8909388775,1
0.0,148,0,-148.0,0.0,311200.2419666712,1
0.0,149,0,-149.0,0.0,314036.85897428216,1
0.0,150,0,-150.0,0.0,316879.7152640327,1
0.0,151,0,-151.0,0.0,319728.7844100729,1
0.0,152,0,-152.0,0.0,322584.0402542063,1
0.0,153,0,-153.0,0.0,325445.45690179383,1
0.0,154,0,-154.0,0.0,328313.0087177397,1
0.0,155,0,-155.0,0.0,331186.67032255296,1
0.0,156,0,-156.0,0.0,334066.4165884847,1
0.0,157,0,-157.0,0.0,336952.2226357406,1
0.0,158,0,-158.0,0.0,339844.0638287658,1
0.0,159,0,-159.0,0.0,342741.9157725996,1
0.0,160,0,-160.0,0.0,345645.754309301,1
0.0,161,0,-161.0,0.0,348555.55551444204,1
0.0,162,0,-162.0,0.0,351471.2956936665,1
0.0,163,0,-163.0,0.0,354392.9513793166,1
0.0,164,0,-164.0,0.0,357320.49932711903,1
0.0,165,0,-165.0,0.0,360253.91651293787,1
0.0,166,0,-166.0,0.0,363193.1801295851,1
0.0,167,0,-167.0,0.0,366138.2675836932,1
0.0,168,0,-168.0,0.0,369089.1564926441,1
0.0,169,0,-169.0,0.0,372045.8246815566,1
0.0,170,0,-170.0,0.0,375008.2501803293,1
0.0,171,0,-171.0,0.0,377976.41122073896,1
0.0,172,0,-172.0,0.0,380950.2862335894,1
0.0,173,0,-173.0,0.0,383929.853845918,1
0.0,174,0,-174.0,0.0,386915.0928782478,1
0.0,175,0,-175.0,0.0,389905.9823418939,1
0.0,176,0,-176.0,0.0,392902.5014363161,1
0.0,177,0,-177.0,0.0,395904.62954652205,1
0.0,178,0,-178.0,0.0,398912.34624051506,1
0.0,179,0,-179.0,0.0,401925.63126678864,1
0.0,180,0,-180.0,0.0,404944.46455186757,1
0.0,181,0,-181.0,0.0,407968.82619789004,1
0.0,182,0,-182.0,0.0,410998.6964802357,1
0.0,183,0,-183.0,0.0,414034.0558451932,1
0.0,184,0,-184.0,0.0,417074.8849076726,1
0.0,185,0,-185.0,0.0,420121.16444895335,1
0.0,186,0,-186.0,0.0,423172.8754144762,1
0.0,187,0,-187.0,0.0,426229.9989116715,1
0.0,188,0,-188.0,0.0,429292.51620782644,1
0.0,189,0,-189.0,0.0,432360.40872798825,1
0.0,190,0,-190.0,0.0,435433.65805290337,1
0.0,191,0,-191.0,0.0,438512.2459169962,1
0.0,192,0,-192.0,0.0,441596.1542063762,1
0.0,193,0,-193.0,0.0,444685.36495688435,1
0.0,194,0,-194.0,0.0,447779.86035217135,1
0.0,195,0,-195.0,0.0,450879.62272180757,1
0.0,196,0,-196.0,0.0,453984.6345394248,1
0.0,197,0,-197.0,0.0,457094.8784208936,1
0.0,198,0,-198.0,0.0,460210.33712252416,1
0.0,199,0,-199.0,0.0,463330.9935393036,1
0.0,200,0,-200.0,0.0,466456.83070316055,1
0.0,201,0,-201.0,0.0,469587.8317812561,1
0.0,202,0,-202.0,0.0,472723.9800743085,1
0.0,203,0,-203.0,0.0,475865.25901493966,1
0.0,204,0,-204.0,0.0,479011.65216605295,1
0.0,205,0,-205.0,0.0,482163.1432192367,1
0.0,206,0,-206.0,0.0,485319.715993192,1
0.0,207,0,-207.0,0.0,488481.3544321885,1
0.0,208,0,-208.0,0.0,491648.0426045438,1
0.0,209,0,-209.0,0.0,494819.7647011273,1
0.0,210,0,-210.0,0.0,497996.50503388955,1
0.0,211,0,-211.0,0.0,501178.2480344137,1
0.0,212,0,-212.0,0.0,504364.9782524906,1
0.0,213,0,-213.0,0.0,507556.68035471655,1
0.0,214,0,-214.0,0.0,510753.33912311343,1
0.0,215,0,-215.0,0.0,513954.9394537714,1
0.0,216,0,-216.0,0.0,517161.46635551035,1
0.0,217,0,-217.0,0.0,520372.90494856547,1
0.0,218,0,-218.0,0.0,523589.2404632916,1
0.0,219,0,-219.0,0.0,526810.4582388882,1
0.0,220,0,-220.0,0.0,530036.5437221435,1
0.0,221,0,-221.0,0.0,533267.4824661997,1
0.0,222,0,-222.0,0.0,536503.2601293356,1
0.0,223,0,-223.0,0.0,539743.8624737671,1
0.0,224,0,-224.0,0.0,542989.2753644701,1
0.0,225,0,-225.0,0.0,546239.4847680158,1
0.0,226,0,-226.0,0.0,549494.4767514277,1
0.0,227,0,-227.0,0.0,552754.237481055,1
0.0,228,0,-228.0,0.0,556018.7532214619,1
0.0,229,0,-229.0,0.0,559288.0103343341,1
0.0,230,0,-230.0,0.0,562561.9952774026,1
0.0,231,0,-231.0,0.0,565840.694603381,1
0.0,232,0,-232.0,0.0,569124.0949589236,1
0.0,233,0,-233.0,0.0,572412.1830835922,1
0.0,234,0,-234.0,0.0,575704.945808844,1
0.0,235,0,-235.0,0.0,579002.3700570296,1
0.0,236,0,-236.0,0.0,582304.4428404105,1
0.0,237,0,-237.0,0.0,585611.151260187,1
0.0,238,0,-238.0,0.0,588922.482505542,1
0.0,239,0,-239.0,0.0,592238.4238526969,1
0.0,240,0,-240.0,0.0,595558.9626639867,1
0.0,241,0,-241.0,0.0,598884.086386939,1
0.0,242,0,-242.0,0.0,602213.7825533742,1
0.0,243,0,-243.0,0.0,605548.0387785161,1
0.0,244,0,-244.0,0.0,608886.8427601139,1
0.0,245,0,-245.0,0.0,612230.1822775775,1
0.0,246,0,-246.0,0.0,615578.0451911248,1
0.0,247,0,-247.0,0.0,618930.419440943,1
0.0,248,0,-248.0,0.0,622287.2930463583,1
0.0,249,0,-249.0,0.0,625648.6541050188,1
0.0,250,0,-250.0,0.0,629014.4907920903,1
0.0,251,0,-251.0,0.0,632384.7913594602,1
0.0,252,0,-252.0,0.0,635759.5441349552,1
0.0,253,0,-253.0,0.0,639138.7375215667,1
0.0,254,0,-254.0,0.0,642522.359996693,1
0.0,255,0,-255.0,0.0,645910.400111381,1
0.3000000000000001,0,752,0.0,960.0,3106.449772849016,2
0.24000000000000007,1,659,-1.0,746.6170909369188,3106.449772849016,2
0.21000000000000005,2,511,-2.0,654.6263863862465,3223.1733333759903,2
0.16,3,576,-3.0,518.2520858842188,3487.1334985031917,2
0.18000000000000002,4,640,-4.0,625.8856545191434,3851.4191036662464,2
0.20000000000000004,5,640,-5.0,763.8074068413202,4291.356048979344,2
0.20000000000000004,6,672,-6.0,866.4092142180549,4812.327066713842,2
0.21000000000000005,7,768,-7.0,981.8131482168751,5387.924875194147,2
0.24000000000000007,8,640,-8.0,1285.024900223167,5982.816992432588,2
0.20000000000000004,9,544,-9.0,1188.582134536124,6688.773525326759,2
0.17,10,576,-10.0,1121.8954430121382,7497.655139340144,2
0.18000000000000002,11,608,-11.0,1363.4834395938637,8326.092919606906,2
0.19000000000000003,12,608,-12.0,1550.2906487198543,9169.759449152942,2
0.19000000000000003,13,512,-13.0,1727.2840794156746,10057.724898641449,2
0.16,14,352,-14.0,1577.2468596995107,11033.780616552485,2
0.10999999999999999,15,288,-15.0,1217.4560377221705,12161.139775811565,2
0.09,16,480,-16.0,1147.8816893537187,13364.267615507248,2
0.15,17,384,-17.0,2039.682637731733,14444.230941541302,2
0.11999999999999998,18,256,-18.0,1720.2206238068084,15613.80409229971,2
0.08,19,224,-19.0,1190.7796647669236,16916.284254246297,2
0.07,20,96,-20.0,1232.6368637473743,18266.165753629146,2
0.03,21,64,-21.0,596.2113892020982,19754.40591901563,2
0.02,22,0,-22.0,396.5327997393045,21288.34768814314,2
0.0,23,0,-23.0,0.0,22900.517013446253,2
0.0,24,0,-24.0,0.0,24525.557338772025,2
0.0,25,0,-25.0,0.0,26164.111303189748,2
0.0,26,0,-26.0,0.0,27816.628412992035,2
0.0,27,0,-27.0,0.0,29483.41521719706,2
0.0,28,0,-28.0,0.0,31164.67111134771,2
0.0,29,0,-29.0,0.0,32860.514362500195,2
0.0,30,0,-30.0,0.0,34571.001329426545,2
0.0,31,0,-31.0,0.0,36296.14085405523,2
0.0,32,0,-32.0,0.0,38035.905167034834,2
0.0,33,0,-33.0,0.0,39790.238238386424,2
0.0,34,0,-34.0,0.0,41559.06223016989,2
0.0,35,0,-35.0,0.0,43342.282522110276,2
0.0,36,0,-36.0,0.0,45139.79165264046,2
0.0,37,0,-37.0,0.0,46951.47242760418,2
0.0,38,0,-38.0,0.0,48777.200384590906,2
0.0,39,0,-39.0,0.0,50616.845754474656,2
0.0,40,0,-40.0,0.0,52470.27502781775,2
0.0,41,0,-41.0,0.0,54337.35220874231,2
0.0,42,0,-42.0,0.0,56217.93982016403,2
0.0,43,0,-43.0,0.0,58111.89971018266,2
0.0,44,0,-44.0,0.0,60019.09369870289,2
0.0,45,0,-45.0,0.0,61939.38409514331,2
0.0,46,0,-46.0,0.0,63872.63411174444,2
0.0,47,0,-47.0,0.0,65818.70819205248,2
0.0,48,0,-48.0,0.0,67777.47227029229,2
0.0,49,0,-49.0,0.0,69748.79397430048,2
0.0,50,0,-50.0,0.0,71732.5427822799,2
0.0,51,0,-51.0,0.0,73728.59014171746,2
0.0,52,0,-52.0,0.0,75736.8095572725,2
0.0,53,0,-53.0,0.0,77757.07665320687,2
0.0,54,0,-54.0,0.0,79789.2692149326,2
0.0,55,0,-55.0,0.0,81833.26721344261,2
0.0,56,0,-56.0,0.0,83888.95281573344,2
0.0,57,0,-57.0,0.0,85956.21038379126,2
0.0,58,0,-58.0,0.0,88034.92646427029,2
0.0,59,0,-59.0,0.0,90124.98977063264,2
0.0,60,0,-60.0,0.0,92226.29115921898,2
0.0,61,0,-61.0,0.0,94338.72360047096,2
0.0,62,0,-62.0,0.0,96462.18214632451,2
0.0,63,0,-63.0,0.0,98596.56389462065,2
0.0,64,0,-64.0,0.0,100741.76795123903,2
0.0,65,0,-65.0,0.0,102897.69539054293,2
0.0,66,0,-66.0,0.0,105064.24921462285,2
0.0,67,0,-67.0,0.0,107241.33431174632,2
0.0,68,0,-68.0,0.0,109428.8574143491,2
0.0,69,0,-69.0,0.0,111626.72705684789,2
0.0,70,0,-70.0,0.0,113834.85353350145,2
0.0,71,0,-71.0,0.0,116053.14885651223,2
0.0,72,0,-72.0,0.0,118281.52671451928,2
0.0,73,0,-73.0,0.0,120519.90243160793,2
0.0,74,0,-74.0,0.0,122768.19292693795,2
0.0,75,0,-75.0,0.0,125026.31667506784,2
0.0,76,0,-76.0,0.0,127294.19366703815,2
0.0,77,0,-77.0,0.0,129571.74537226188,2
0.0,78,0,-78.0,0.0,131858.89470125653,2
0.0,79,0,-79.0,0.0,134155.56596924335,2
0.0,80,0,-80.0,0.0,136461.6848606304,2
0.0,81,0,-81.0,0.0,138777.1783943869,2
0.0,82,0,-82.0,0.0,141101.97489031608,2
0.0,83,0,-83.0,0.0,143436.0039362193,2
0.0,84,0,-84.0,0.0,145779.1963559508,2
0.0,85,0,-85.0,0.0,148131.48417835028,2
0.0,86,0,-86.0,0.0,150492.80060704364,2
0.0,87,0,-87.0,0.0,152863.07999109622,2
0.0,88,0,-88.0,0.0,155242.25779650328,2
0.0,89,0,-89.0,0.0,157630.27057850163,2
0.0,90,0,-90.0,0.0,160027.05595468078,2
0.0,91,0,-91.0,0.0,162432.55257887923,2
0.0,92,0,-92.0,0.0,164846.70011584155,2
0.0,93,0,-93.0,0.0,167269.43921661936,2
0.0,94,0,-94.0,0.0,169700.71149469572,2
0.0,95,0,-95.0,0.0,172140.45950281055,2
0.0,96,0,-96.0,0.0,174588.62671046925,2
0.0,97,0,-97.0,0.0,177045.15748211392,2
0.0,98,0,-98.0,0.0,179509.99705593588,2
0.0,99,0,-99.0,0.0,181983.0915233124,2
0.0,100,0,-100.0,0.0,184464.38780884596,2
0.0,101,0,-101.0,0.0,186953.83365098946,2
0.0,102,0,-102.0,0.0,189451.3775832368,2
0.0,103,0,-103.0,0.0,191956.96891586235,2
0.0,104,0,-104.0,0.0,194470.5577181924,2
0.0,105,0,-105.0,0.0,196992.094801389,2
0.0,106,0,-106.0,0.0,199521.53170173118,2
0.0,107,0,-107.0,0.0,202058.82066437908,2
0.0,108,0,-108.0,0.0,204603.9146276013,2
0.0,109,0,-109.0,0.0,207156.76720745504,2
0.0,110,0,-110.0,0.0,209717.33268289897,2
0.0,111,0,-111.0,0.0,212285.56598133082,2
0.0,112,0,-112.0,0.0,214861.42266453055,2
0.0,113,0,-113.0,0.0,217444.85891499874,2
0.0,114,0,-114.0,0.0,220035.83152267613,2
0.0,115,0,-115.0,0.0,222634.2978720324,2
0.0,116,0,-116.0,0.0,225240.2159295129,2
0.0,117,0,-117.0,0.0,227853.54423132906,2
0.0,118,0,-118.0,0.0,230474.2418715849,2
0.0,119,0,-119.0,0.0,233102.2684907262,2
0.0,120,0,-120.0,0.0,235737.58426430193,2
0.0,121,0,-121.0,0.0,238380.14989203072,2
0.0,122,0,-122.0,0.0,241029.9265871582,2
0.0,123,0,-123.0,0.0,243686.87606609982,2
0.0,124,0,-124.0,0.0,246350.96053835764,2
0.0,125,0,-125.0,0.0,249022.14269670358,2
0.0,126,0,-126.0,0.0,251700.38570761957,2
0.0,127,0,-127.0,0.0,254385.65320198893,2
0.0,128,0,-128.0,0.0,257077.90926602672,2
0.0,129,0,-129.0,0.0,259777.11843244635,2
0.0,130,0,-130.0,0.0,262483.24567185226,2
0.0,131,0,-131.0,0.0,265196.2563843523,2
0.0,132,0,-132.0,0.0,267916.11639138195,2
0.0,133,0,-133.0,0.0,270642.7919277377,2
0.0,134,0,-134.0,0.0,273376.24963380746,2
0.0,135,0,-135.0,0.0,276116.45654799667,2
0.0,136,0,-136.0,0.0,278863.38009934104,2
0.0,137,0,-137.0,0.0,281616.98810030357,2
0.0,138,0,-138.0,0.0,284377.2487397465,2
0.0,139,0,-139.0,0.0,287144.1305760762,2
0.0,140,0,-140.0,0.0,289917.6025305531,2
0.0,141,0,-141.0,0.0,292697.6338807644,2
0.0,142,0,-142.0,0.0,295484.19425425207,2
0.0,143,0,-143.0,0.0,298277.2536222953,2
0.0,144,0,-144.0,0.0,301076.78229383694,2
0.0,145,0,-145.0,0.0,303882.75090955733,2
0.0,146,0,-146.0,0.0,306695.13043608353,2
0.0,147,0,-147.0,0.0,309513.8921603363,2
0.0,148,0,-148.0,0.0,312339.0076840075,2
0.0,149,0,-149.0,0.0,315170.44891816424,2
0.0,150,0,-150.0,0.0,318008.1880779788,2
0.0,151,0,-151.0,0.0,320852.1976775758,2
0.0,152,0,-152.0,0.0,323702.4505250004,2
0.0,153,0,-153.0,0.0,326558.9197172958,2
0.0,154,0,-154.0,0.0,329421.5786356949,2
0.0,155,0,-155.0,0.0,332290.40094091784,2
0.0,156,0,-156.0,0.0,335165.3605685738,2
0.0,157,0,-157.0,0.0,338046.43172466435,2
0.0,158,0,-158.0,0.0,340933.5888811863,2
0.0,159,0,-159.0,0.0,343826.806771831,2
0.0,160,0,-160.0,0.0,346726.0603877755,2
0.0,161,0,-161.0,0.0,349631.3249735663,2
0.0,162,0,-162.0,0.0,352542.57602309104,2
0.0,163,0,-163.0,0.0,355459.78927563556,2
0.0,164,0,-164.0,0.0,358382.94071202783,2
0.0,165,0,-165.0,0.0,361312.00655085937,2
0.0,166,0,-166.0,0.0,364246.9632447895,2
0.0,167,0,-167.0,0.0,367187.7874769246,2
0.0,168,0,-168.0,0.0,370134.45615727553,2
0.0,169,0,-169.0,0.0,373086.94641928666,2
0.0,170,0,-170.0,0.0,376045.23561643634,2
0.0,171,0,-171.0,0.0,379009.3013189075,2
0.0,172,0,-172.0,0.0,381979.12131032784,2
0.0,173,0,-173.0,0.0,384954.67358457233,2
0.0,174,0,-174.0,0.0,387935.9363426353,2
0.0,175,0,-175.0,0.0,390922.88798956136,2
0.0,176,0,-176.0,0.0,393915.50713143894,2
0.0,177,0,-177.0,0.0,396913.77257245505,2
0.0,178,0,-178.0,0.0,399917.6633120067,2
0.0,179,0,-179.0,0.0,402927.15854186914,2
0.0,180,0,-180.0,0.0,405942.2376434212,2
0.0,181,0,-181.0,0.0,408962.880184923,2
0.0,182,0,-182.0,0.0,411989.0659188479,2
0.0,183,0,-183.0,0.0,415020.77477926464,2
0.0,184,0,-184.0,0.0,418057.9868792708,2
0.0,185,0,-185.0,0.0,421100.68250847515,2
0.0,186,0,-186.0,0.0,424148.8421305278,2
0.0,187,0,-187.0,0.0,427202.44638069667,2
0.0,188,0,-188.0,0.0,430261.4760634902,2
0.0,189,0,-189.0,0.0,433325.9121503253,2
0.0,190,0,-190.0,0.0,436395.73577723664,2
0.0,191,0,-191.0,0.0,439470.9282426312,2
0.0,192,0,-192.0,0.0,442551.47100508184,2
0.0,193,0,-193.0,0.0,445637.34568116354,2
0.0,194,0,-194.0,0.0,448728.5340433288,2
0.0,195,0,-195.0,0.0,451825.0180178192,2
0.0,196,0,-196.0,0.0,454926.7796826194,2
0.0,197,0,-197.0,0.0,458033.8012654444,2
0.0,198,0,-198.0,0.0,461146.0651417642,2
0.0,199,0,-199.0,0.0,464263.55383286433,2
0.0,200,0,-200.0,0.0,467386.2500039405,2
0.0,201,0,-201.0,0.0,470514.13646222546,2
0.0,202,0,-202.0,0.0,473647.196155153,2
0.0,203,0,-203.0,0.0,476785.41216854873,2
0.0,204,0,-204.0,0.0,479928.76772485767,2
0.0,205,0,-205.0,0.0,483077.2461813992,2
0.0,206,0,-206.0,0.0,486230.8310286525,2
0.0,207,0,-207.0,0.0,489389.5058885746,2
0.0,208,0,-208.0,0.0,492553.2545129438,2
0.0,209,0,-209.0,0.0,495722.06078173243,2
0.0,210,0,-210.0,0.0,498895.90870150854,2
0.0,211,0,-211.0,0.0,502074.7824038636,2
0.0,212,0,-212.0,0.0,505258.66614386643,2
0.0,213,0,-213.0,0.0,508447.544298543,2
0.0,214,0,-214.0,0.0,511641.4013653842,2
0.0,215,0,-215.0,0.0,514840.22196087416,2
0.0,216,0,-216.0,0.0,518043.9908190466,2
0.0,217,0,-217.0,0.0,521252.69279006345,2
0.0,218,0,-218.0,0.0,524466.3128388164,2
0.0,219,0,-219.0,0.0,527684.8360435523,2
0.0,220,0,-220.0,0.0,530908.2475945209,2
0.0,221,0,-221.0,0.0,534136.5327926435,2
0.0,222,0,-222.0,0.0,537369.6770482053,2
0.0,223,0,-223.0,0.0,540607.6658795647,2
0.0,224,0,-224.0,0.0,543850.4849118883,2
0.0,225,0,-225.0,0.0,547098.1198759031,2
0.0,226,0,-226.0,0.0,550350.5566066678,2
0.0,227,0,-227.0,0.0,553607.781042366,2
0.0,228,0,-228.0,0.0,556869.7792231177,2
0.0,229,0,-229.0,0.0,560136.537289807,2
0.0,230,0,-230.0,0.0,563408.0414829311,2
0.0,231,0,-231.0,0.0,566684.2781414681,2
0.0,232,0,-232.0,0.0,569965.2337017568,2
0.0,233,0,-233.0,0.0,573250.8946963995,2
0.0,234,0,-234.0,0.0,576541.2477531802,2
0.0,235,0,-235.0,0.0,579836.2795939952,2
0.0,236,0,-236.0,0.0,583135.9770338099,2
0.0,237,0,-237.0,0.0,586440.3269796174,2
0.0,238,0,-238.0,0.0,589749.3164294257,2
0.0,239,0,-239.0,0.0,593062.9324712552,2
0.0,240,0,-240.0,0.0,596381.1622821463,2
0.0,241,0,-241.0,0.0,599703.9931271917,2
0.0,242,0,-242.0,0.0,603031.4123585746,2
0.0,243,0,-243.0,0.0,606363.4074146257,2
0.0,244,0,-244.0,0.0,609699.9658188927,2
0.0,245,0,-245.0,0.0,613041.0751792246,2
0.0,246,0,-246.0,0.0,616386.7231868668,2
0.0,247,0,-247.0,0.0,619736.8976155722,2
0.0,248,0,-248.0,0.0,623091.586320724,2
0.0,249,0,-249.0,0.0,626450.777238471,2
0.0,250,0,-250.0,0.0,629814.4583848763,2
0.0,251,0,-251.0,0.0,633182.6178550763,2
0.0,252,0,-252.0,0.0,636555.2438224566,2
0.0,253,0,-253.0,0.0,639932.3245378302,2
0.0,254,0,-254.0,0.0,643313.8483286387,2
0.0,255,0,-255.0,0.0,646699.8035981583,2
0.3000000000000001,0,1159,0.0,960.0,3107.786204665459,3
0.37000000000000016,1,1154,-1.0,1150.5892045889357,3107.786204665459,3
0.37000000000000016,2,1344,-2.0,1143.9070455067229,3181.96988323287,3
0.4300000000000002,3,1136,-3.0,1363.1746382622252,3301.673622480455,3
0.36000000000000015,4,924,-4.0,1175.4070411073567,3530.829836997482,3
0.2900000000000001,5,735,-5.0,1024.9340393042896,3895.3840842886507,3
0.23000000000000007,6,640,-6.0,908.9232972572854,4401.077010622742,3
0.20000000000000004,7,640,-7.0,925.0957731438587,5018.156018318867,3
0.20000000000000004,8,448,-8.0,1026.991315564795,5692.6324736859815,3
0.13999999999999999,9,384,-9.0,812.4587411279799,6529.727085500885,3
0.11999999999999998,10,512,-10.0,793.4869551796072,7450.644477004068,3
0.16,11,416,-11.0,1193.348548816846,8322.981316777079,3
0.12999999999999998,12,480,-12.0,1055.9312409905951,9297.285763419002,3
0.15,13,352,-13.0,1376.2751316888766,10256.962845154694,3
0.10999999999999999,14,384,-14.0,1156.6408482587267,11342.714238647548,3
0.11999999999999998,15,448,-15.0,1355.427065422737,12429.628333189365,3
0.13999999999999999,16,352,-16.0,1723.39376813249,13491.821052215331,3
0.10999999999999999,17,320,-17.0,1496.5303057301057,14656.969150795423,3
0.09999999999999999,18,192,-18.0,1423.7309886266094,15871.70851731797,3
0.060000000000000005,19,224,-19.0,988.0353707854931,17220.65656274621,3
0.07,20,352,-20.0,1242.8611506024479,18558.555410064135,3
0.10999999999999999,21,320,-21.0,2041.7398993751433,19800.36310312452,3
0.09999999999999999,22,320,-22.0,1927.6964342650338,21091.4009952371,3
0.09999999999999999,23,320,-23.0,2063.437864892853,22416.59279812543,3
0.09999999999999999,24,128,-24.0,2232.610360681224,23745.514232153517,3
0.04,25,64,-25.0,927.5841201319146,25279.562575439093,3
0.02,26,32,-26.0,565.6840204222799,26893.834883252217,3
0.01,27,0,-27.0,270.5553484801415,28555.073456420072,3
0.0,28,0,-28.0,0.0,30263.44006183343,3
0.0,29,0,-29.0,0.0,31984.34878077336,3
0.0,30,0,-30.0,0.0,33718.10563750824,3
0.0,31,0,-31.0,0.0,35464.92751044375,3
0.0,32,0,-32.0,0.0,37224.9617056082,3
0.0,33,0,-33.0,0.0,38998.30084126047,3
0.0,34,0,-34.0,0.0,40784.99429979075,3
0.0,35,0,-35.0,0.0,42585.05712989553,3
0.0,36,0,-36.0,0.0,44398.477030209644,3
0.0,37,0,-37.0,0.0,46225.219872447735,3
0.0,38,0,-38.0,0.0,48065.234101025904,3
0.0,39,0,-39.0,0.0,49918.45426014147,3
0.0,40,0,-40.0,0.0,51784.80383735643,3
0.0,41,0,-41.0,0.0,53664.197567549665,3
0.0,42,0,-42.0,0.0,55556.543307760214,3
0.0,43,0,-43.0,0.0,57461.74356856422,3
0.0,44,0,-44.0,0.0,59379.69676888474,3
0.0,45,0,-45.0,0.0,61310.29826687719,3
0.0,46,0,-46.0,0.0,63253.441208600285,3
0.0,47,0,-47.0,0.0,65209.01722773003,3
0.0,48,0,-48.0,0.0,67176.9170229905,3
0.0,49,0,-49.0,0.0,69157.03083481516,3
0.0,50,0,-50.0,0.0,71149.24883867548,3
0.0,51,0,-51.0,0.0,73153.46146927956,3
0.0,52,0,-52.0,0.0,75169.55968726172,3
0.0,53,0,-53.0,0.0,77197.43519790533,3
0.0,54,0,-54.0,0.0,79236.98062977365,3
0.0,55,0,-55.0,0.0,81288.08967976048,3
0.0,56,0,-56.0,0.0,83350.65722997418,3
0.0,57,0,-57.0,0.0,85424.57944095941,3
0.0,58,0,-58.0,0.0,87509.75382502399,3
0.0,59,0,-59.0,0.0,89606.07930282464,3
0.0,60,0,-60.0,0.0,91713.45624586099,3
0.0,61,0,-61.0,0.0,93831.7865071083,3
0.0,62,0,-62.0,0.0,95960.97344167002,3
0.0,63,0,-63.0,0.0,98100.92191903993,3
0.0,64,0,-64.0,0.0,100251.53832832132,3
0.0,65,0,-65.0,0.0,102412.73057754287,3
0.0,66,0,-66.0,0.0,104584.40808804215,3
0.0,67,0,-67.0,0.0,106766.4817847419,3
0.0,68,0,-68.0,0.0,108958.86408301682,3
0.0,69,0,-69.0,0.0,111161.4688727537,3
0.0,70,0,-70.0,0.0,113374.21150010916,3
0.0,71,0,-71.0,0.0,115597.00874740268,3
0.0,72,0,-72.0,0.0,117829.77881151371,3
0.0,73,0,-73.0,0.0,120072.44128109851,3
0.0,74,0,-74.0,0.0,122324.91711289724,3
0.0,75,0,-75.0,0.0,124587.12860735886,3
0.0,76,0,-76.0,0.0,126858.99938378079,3
0.0,77,0,-77.0,0.0,129140.45435512828,3
0.0,78,0,-78.0,0.0,131431.4197026743,3
0.0,79,0,-79.0,0.0,133731.8228505802,3
0.0,80,0,-80.0,0.0,136041.59244051733,3
0.0,81,0,-81.0,0.0,138360.65830641327,3
0.0,82,0,-82.0,0.0,140688.95144939586,3
0.0,83,0,-83.0,0.0,143026.40401299341,3
0.0,84,0,-84.0,0.0,145372.94925863884,3
0.0,85,0,-85.0,0.0,147728.5215415206,3
0.0,86,0,-86.0,0.0,150093.05628681075,3
0.0,87,0,-87.0,0.0,152466.4899662983,3
0.0,88,0,-88.0,0.0,154848.76007544657,3
0.0,89,0,-89.0,0.0,157239.80511089406,3
0.0,90,0,-90.0,0.0,159639.5645484056,3
0.0,91,0,-91.0,0.0,162047.97882128667,3
0.0,92,0,-92.0,0.0,164464.9892992639,3
0.0,93,0,-93.0,0.0,166890.53826783417,3
0.0,94,0,-94.0,0.0,169324.56890808532,3
0.0,95,0,-95.0,0.0,171767.0252769833,3
0.0,96,0,-96.0,0.0,174217.8522881265,3
0.0,97,0,-97.0,0.0,176676.99569296138,3
0.0,98,0,-98.0,0.0,179144.40206245417,3
0.0,99,0,-99.0,0.0,181620.0187692119,3
0.0,100,0,-100.0,0.0,184103.7939700481,3
0.0,101,0,-101.0,0.0,186595.67658898176,3
0.0,102,0,-102.0,0.0,189095.616300666,3
0.0,103,0,-103.0,0.0,191603.56351423383,3
0.0,104,0,-104.0,0.0,194119.4693575551,3
0.0,105,0,-105.0,0.0,196643.28566189428,3
0.0,106,0,-106.0,0.0,199174.9649469607,3
0.0,107,0,-107.0,0.0,201714.46040634095,3
0.0,108,0,-108.0,0.0,204261.72589330617,3
0.0,109,0,-109.0,0.0,206816.71590698266,3
0.0,110,0,-110.0,0.0,209379.3855788781,3
0.0,111,0,-111.0,0.0,211949.690659754,3
0.0,112,0,-112.0,0.0,214527.58750683506,3
0.0,113,0,-113.0,0.0,217113.03307134673,3
0.0,114,0,-114.0,0.0,219705.9848863719,3
0.0,115,0,-115.0,0.0,222306.4010550181,3
0.0,116,0,-116.0,0.0,224914.24023888732,3
0.0,117,0,-117.0,0.0,227529.4616468393,3
0.0,118,0,-118.0,0.0,230152.02502404066,3
0.0,119,0,-119.0,0.0,232781.8906412917,3
0.0,120,0,-120.0,0.0,235419.01928462298,3
0.0,121,0,-121.0,0.0,238063.37224515414,3
0.0,122,0,-122.0,0.0,240714.91130920785,3
0.0,123,0,-123.0,0.0,243373.59874867188,3
0.0,124,0,-124.0,0.0,246039.39731160068,3
0.0,125,0,-125.0,0.0,248712.2702130516,3
0.0,126,0,-126.0,0.0,251392.18112614824,3
0.0,127,0,-127.0,0.0,254079.0941733641,3
0.0,128,0,-128.0,0.0,256772.97391802087,3
0.0,129,0,-129.0,0.0,259473.78535599553,3
0.0,130,0,-130.0,0.0,262181.4939076283,3
0.0,131,0,-131.0,0.0,264896.06540982926,3
0.0,132,0,-132.0,0.0,267617.4661083741,3
0.0,133,0,-133.0,0.0,270345.6626503866,3
0.0,134,0,-134.0,0.0,273080.6220770011,3
0.0,135,0,-135.0,0.0,275822.31181620056,3
0.0,136,0,-136.0,0.0,278570.6996758239,3
0.0,137,0,-137.0,0.0,281325.7538367399,3
0.0,138,0,-138.0,0.0,284087.44284618157,3
0.0,139,0,-139.0,0.0,286855.7356112367,3
0.0,140,0,-140.0,0.0,289630.6013924908,3
0.0,141,0,-141.0,0.0,292412.00979781675,3
0.0,142,0,-142.0,0.0,295199.93077630916,3
0.0,143,0,-143.0,0.0,297994.33461235795,3
0.0,144,0,-144.0,0.0,300795.19191985775,3
0.0,145,0,-145.0,0.0,303602.4736365485,3
0.0,146,0,-146.0,0.0,306416.1510184859,3
0.0,147,0,-147.0,0.0,309236.19563463604,3
0.0,148,0,-148.0,0.0,312062.57936159056,3
0.0,149,0,-149.0,0.0,314895.27437840204,3
0.0,150,0,-150.0,0.0,317734.2531615318,3
0.0,151,0,-151.0,0.0,320579.48847991286,3
0.0,152,0,-152.0,0.0,323430.953390117,3
0.0,153,0,-153.0,0.0,326288.62123163376,3
0.0,154,0,-154.0,0.0,329152.4656222463,3
0.0,155,0,-155.0,0.0,332022.4604535135,3
0.0,156,0,-156.0,0.0,334898.57988634467,3
0.0,157,0,-157.0,0.0,337780.79834667256,3
0.0,158,0,-158.0,0.0,340669.0905212188,3
0.0,159,0,-159.0,0.0,343563.43135334697,3
0.0,160,0,-160.0,0.0,346463.7960390074,3
0.0,161,0,-161.0,0.0,349370.1600227642,3
0.0,162,0,-162.0,0.0,352282.49899390765,3
0.0,163,0,-163.0,0.0,355200.7888826465,3
0.0,164,0,-164.0,0.0,358125.00585638057,3
0.0,165,0,-165.0,0.0,361055.12631604937,3
0.0,166,0,-166.0,0.0,363991.12689255725,3
0.0,167,0,-167.0,0.0,366932.98444326984,3
0.0,168,0,-168.0,0.0,369880.6760485842,3
0.0,169,0,-169.0,0.0,372834.1790085665,3
0.0,170,0,-170.0,0.0,375793.47083965846,3
0.0,171,0,-171.0,0.0,378758.5292714499,3
0.0,172,0,-172.0,0.0,381729.3322435168,3
0.0,173,0,-173.0,0.0,384705.85790232033,3
0.0,174,0,-174.0,0.0,387688.08459816856,3
0.0,175,0,-175.0,0.0,390675.99088223744,3
0.0,176,0,-176.0,0.0,393669.5555036518,3
0.0,177,0,-177.0,0.0,396668.75740662095,3
0.0,178,0,-178.0,0.0,399673.57572763175,3
0.0,179,0,-179.0,0.0,402683.98979269405,3
0.0,180,0,-180.0,0.0,405699.979114643,3
0.0,181,0,-181.0,0.0,408721.5233904874,3
0.0,182,0,-182.0,0.0,411748.6024988143,3
0.0,183,0,-183.0,0.0,414781.1964972382,3
0.0,184,0,-184.0,0.0,417819.28561990196,3
0.0,185,0,-185.0,0.0,420862.8502750221,3
0.0,186,0,-186.0,0.0,423911.87104248215,3
0.0,187,0,-187.0,0.0,426966.3286714686,3
0.0,188,0,-188.0,0.0,430026.20407815353,3
0.0,189,0,-189.0,0.0,433091.47834341653,3
0.0,190,0,-190.0,0.0,436162.1327106124,3
0.0,191,0,-191.0,0.0,439238.14858337527,3
0.0,192,0,-192.0,0.0,442319.5075234674,3
0.0,193,0,-193.0,0.0,445406.1912486632,3
0.0,194,0,-194.0,0.0,448498.1816306726,3
0.0,195,0,-195.0,0.0,451595.4606931034,3
0.0,196,0,-196.0,0.0,454698.0106094567,3
0.0,197,0,-197.0,0.0,457805.8137011622,3
0.0,198,0,-198.0,0.0,460918.85243564384,3
0.0,199,0,-199.0,0.0,464037.1094244231,3
0.0,200,0,-200.0,0.0,467160.56742125365,3
0.0,201,0,-201.0,0.0,470289.20932028966,3
0.0,202,0,-202.0,0.0,473423.01815428527,3
0.0,203,0,-203.0,0.0,476561.97709282587,3
0.0,204,0,-204.0,0.0,479706.0694405884,3
0.0,205,0,-205.0,0.0,482855.27863563533,3
0.0,206,0,-206.0,0.0,486009.5882477326,3
0.0,207,0,-207.0,0.0,489168.98197669914,3
0.0,208,0,-208.0,0.0,492333.44365078665,3
0.0,209,0,-209.0,0.0,495502.9572250802,3
0.0,210,0,-210.0,0.0,498677.50677993277,3
0.0,211,0,-211.0,0.0,501857.0765194222,3
0.0,212,0,-212.0,0.0,505041.650769833,3
0.0,213,0,-213.0,0.0,508231.2139781667,3
0.0,214,0,-214.0,0.0,511425.75071067526,3
0.0,215,0,-215.0,0.0,514625.2456514154,3
0.0,216,0,-216.0,0.0,517829.68360083376,3
0.0,217,0,-217.0,0.0,521039.04947436857,3
0.0,218,0,-218.0,0.0,524253.3283010754,3
0.0,219,0,-219.0,0.0,527472.5052222793,3
0.0,220,0,-220.0,0.0,530696.5654902435,3
0.0,221,0,-221.0,0.0,533925.4944668615,3
0.0,222,0,-222.0,0.0,537159.2776223711,3
0.0,223,0,-223.0,0.0,540397.9005340867,3
0.0,224,0,-224.0,0.0,543641.3488851548,3
0.0,225,0,-225.0,0.0,546889.608463325,3
0.0,226,0,-226.0,0.0,550142.6651597442,3
0.0,227,0,-227.0,0.0,553400.5049677676,3
0.0,228,0,-228.0,0.0,556663.1139817878,3
0.0,229,0,-229.0,0.0,559930.478396084,3
0.0,230,0,-230.0,0.0,563202.5845036887,3
0.0,231,0,-231.0,0.0,566479.4186952693,3
0.0,232,0,-232.0,0.0,569760.9674580299,3
0.0,233,0,-233.0,0.0,573047.2173746285,3
0.0,234,0,-234.0,0.0,576338.1551221105,3
0.0,235,0,-235.0,0.0,579633.7674708596,3
0.0,236,0,-236.0,0.0,582934.0412835622,3
0.0,237,0,-237.0,0.0,586238.963514192,3
0.0,238,0,-238.0,0.0,589548.521207002,3
0.0,239,0,-239.0,0.0,592862.7014955402,3
0.0,240,0,-240.0,0.0,596181.4916016752,3
0.0,241,0,-241.0,0.0,599504.8788346347,3
0.0,242,0,-242.0,0.0,602832.850590064,3
0.0,243,0,-243.0,0.0,606165.394349092,3
0.0,244,0,-244.0,0.0,609502.4976774158,3
0.0,245,0,-245.0,0.0,612844.1482243952,3
0.0,246,0,-246.0,0.0,616190.3337221618,3
0.0,247,0,-247.0,0.0,619541.0419847425,3
0.0,248,0,-248.0,0.0,622896.2609071916,3
0.0,249,0,-249.0,0.0,626255.9784647396,3
0.0,250,0,-250.0,0.0,629620.182711953,3
0.0,251,0,-251.0,0.0,632988.861781903,3
0.0,252,0,-252.0,0.0,636362.0038853518,3
0.0,253,0,-253.0,0.0,639739.5973099434,3
0.0,254,0,-254.0,0.0,643121.6304194132,3
0.0,255,0,-255.0,0.0,646508.0916528029,3
0.3000000000000001,0,813,0.0,960.0,3107.786204665459,4
0.26000000000000006,1,848,-1.0,806.6077954875913,3107.786204665459,4
0.2700000000000001,2,957,-2.0,842.617090936919,3207.312870693674,4
0.3000000000000001,3,992,-3.0,960.9391441864963,3393.0318590463635,4
0.3100000000000001,4,896,-4.0,1052.7903883237739,3653.6531431116764,4
0.2800000000000001,5,608,-5.0,1020.2513939902746,4019.0046763019395,4
0.19000000000000003,6,512,-6.0,753.9682145235419,4570.967096118997,4
0.16,7,384,-7.0,732.2410768577903,5239.200738916782,4
0.11999999999999998,8,224,-8.0,638.0409414158122,6038.834645256734,4
0.07,9,320,-9.0,443.326530986465,6990.11373249986,4
0.09999999999999999,10,320,-10.0,728.0513352000371,7921.343092430296,4
0.09999999999999999,11,288,-11.0,774.8968138253781,8893.32204237291,4
0.09,12,352,-12.0,796.8016327082987,9925.057444521657,4
0.10999999999999999,13,352,-13.0,1083.7826383694353,10943.90959346976,4
0.10999999999999999,14,288,-14.0,1141.7923867998252,11995.032591242672,4
0.09,15,224,-15.0,977.3113767645089,13125.700267804588,4
0.07,16,320,-16.0,898.5852023272981,14335.530823964858,4
0.09999999999999999,17,352,-17.0,1486.7806729281465,15491.561516666956,4
0.10999999999999999,18,384,-18.0,1716.8083378406563,16646.869455597604,4
0.11999999999999998,19,256,-19.0,2042.7914446984296,17800.407436396687,4
0.08,20,224,-20.0,1410.4920050768983,19088.038972156854,4
0.07,21,288,-21.0,1402.2664371575236,20425.693212320268,4
0.09,22,160,-22.0,1840.6784828736927,21725.37953804205,4
0.05,23,224,-23.0,1088.9134496971124,23164.88795665062,4
0.07,24,192,-24.0,1638.4478079860305,24561.279678107894,4
0.060000000000000005,25,64,-25.0,1512.5496374488457,26007.11990633283,4
0.02,26,0,-26.0,477.07547584312624,27598.652159079877,4
0.0,27,0,-27.0,0.0,29272.008222147357,4
0.0,28,0,-28.0,0.0,30959.324339761828,4
0.0,29,0,-29.0,0.0,32660.78238398743,4
0.0,30,0,-30.0,0.0,34376.491488935695,4
0.0,31,0,-31.0,0.0,36106.50474083977,4
0.0,32,0,-32.0,0.0,37850.83180615239,4
0.0,33,0,-33.0,0.0,39609.448593141096,4
0.0,34,0,-34.0,0.0,41382.30471620242,4
0.0,35,0,-35.0,0.0,43169.32931201655,4
0.0,36,0,-36.0,0.0,44970.435605390856,4
0.0,37,0,-37.0,0.0,46785.5245169195,4
0.0,38,0,-38.0,0.0,48614.48752957039,4
0.0,39,0,-39.0,0.0,50457.208977346796,4
0.0,40,0,-40.0,0.0,52313.567879856935,4
0.0,41,0,-41.0,0.0,54183.43941765457,4
0.0,42,0,-42.0,0.0,56066.69612163653,4
0.0,43,0,-43.0,0.0,57963.208833555924,4
0.0,44,0,-44.0,0.0,59872.8474823945,4
0.0,45,0,-45.0,0.0,61795.481711913424,4
0.0,46,0,-46.0,0.0,63730.981387434185,4
0.0,47,0,-47.0,0.0,65679.21700425392,4
0.0,48,0,-48.0,0.0,67640.06001568462,4
0.0,49,0,-49.0,0.0,69613.38309523009,4
0.0,50,0,-50.0,0.0,71599.0603446633,4
0.0,51,0,-51.0,0.0,73596.96745757693,4
0.0,52,0,-52.0,0.0,75606.9818462275,4
0.0,53,0,-53.0,0.0,77628.98273808428,4
0.0,54,0,-54.0,0.0,79662.85124735723,4
0.0,55,0,-55.0,0.0,81708.47042585343,4
0.0,56,0,-56.0,0.0,83765.72529676258,4
0.0,57,0,-57.0,0.0,85834.50287435412,4
0.0,58,0,-58.0,0.0,87914.69217206782,4
0.0,59,0,-59.0,0.0,90006.18420106299,4
0.0,60,0,-60.0,0.0,92108.8719609491,4
0.0,61,0,-61.0,0.0,94222.65042413748,4
0.0,62,0,-62.0,0.0,96347.41651501886,4
0.0,63,0,-63.0,0.0,98483.06908497286,4
0.0,64,0,-64.0,0.0,100629.50888405614,4
0.0,65,0,-65.0,0.0,102786.63853007575,4
0.0,66,0,-66.0,0.0,104954.36247564084,4
0.0,67,0,-67.0,0.0,107132.58697369062,4
0.0,68,0,-68.0,0.0,109321.220041914,4
0.0,69,0,-69.0,0.0,111520.17142640927,4
0.0,70,0,-70.0,0.0,113729.35256487486,4
0.0,71,0,-71.0,0.0,115948.67654957317,4
0.0,72,0,-72.0,0.0,118178.0580902687,4
0.0,73,0,-73.0,0.0,120417.41347730749,4
0.0,74,0,-74.0,0.0,122666.66054497432,4
0.0,75,0,-75.0,0.0,124925.71863524217,4
0.0,76,0,-76.0,0.0,127194.50856200271,4
0.0,77,0,-77.0,0.0,129472.952575854,4
0.0,78,0,-78.0,0.0,131760.9743295023,4
0.0,79,0,-79.0,0.0,134058.49884382464,4
0.0,80,0,-80.0,0.0,136365.4524746277,4
0.0,81,0,-81.0,0.0,138681.7628801273,4
0.0,82,0,-82.0,0.0,141007.35898916857,4
0.0,83,0,-83.0,0.0,143342.17097019745,4
0.0,84,0,-84.0,0.0,145686.13020099024,4
0.0,85,0,-85.0,0.0,148039.16923914346,4
0.0,86,0,-86.0,0.0,150401.22179332064,4
0.0,87,0,-87.0,0.0,152772.222695253,4
0.0,88,0,-88.0,0.0,155152.1078724838,4
0.0,89,0,-89.0,0.0,157540.81432184926,4
0.0,90,0,-90.0,0.0,159938.2800836816,4
0.0,91,0,-91.0,0.0,162344.44421672367,4
0.0,92,0,-92.0,0.0,164759.2467737392,4
0.0,93,0,-93.0,0.0,167182.62877780557,4
0.0,94,0,-94.0,0.0,169614.53219927143,4
0.0,95,0,-95.0,0.0,172054.89993336494,4
0.0,96,0,-96.0,0.0,174503.67577843578,4
0.0,97,0,-97.0,0.0,176960.80441481358,4
0.0,98,0,-98.0,0.0,179426.23138426768,4
0.0,99,0,-99.0,0.0,181899.9030700499,4
0.0,100,0,-100.0,0.0,184381.76667750615,4
0.0,101,0,-101.0,0.0,186871.77021523798,4
0.0,102,0,-102.0,0.0,189369.8624768005,4
0.0,103,0,-103.0,0.0,191875.99302291774,4
0.0,104,0,-104.0,0.0,194390.11216420395,4
0.0,105,0,-105.0,0.0,196912.17094437196,4
0.0,106,0,-106.0,0.0,199442.1211239154,4
0.0,107,0,-107.0,0.0,201979.91516425007,4
0.0,108,0,-108.0,0.0,204525.50621229992,4
0.0,109,0,-109.0,0.0,207078.84808551474,4
0.0,110,0,-110.0,0.0,209639.89525730387,4
0.0,111,0,-111.0,0.0,212208.6028428761,4
0.0,112,0,-112.0,0.0,214784.9265854703,4
0.0,113,0,-113.0,0.0,217368.82284296496,4
0.0,114,0,-114.0,0.0,219960.24857485745,4
0.0,115,0,-115.0,0.0,222559.16132959587,4
0.0,116,0,-116.0,0.0,225165.51923225872,4
0.0,117,0,-117.0,0.0,227779.2809725668,4
0.0,118,0,-118.0,0.0,230400.4057932176,4
0.0,119,0,-119.0,0.0,233028.85347853487,4
0.0,120,0,-120.0,0.0,235664.58434342017,4
0.0,121,0,-121.0,0.0,238307.5592225979,4
0.0,122,0,-122.0,0.0,240957.7394601459,4
0.0,123,0,-123.0,0.0,243615.08689930086,4
0.0,124,0,-124.0,0.0,246279.5638725308,4
0.0,125,0,-125.0,0.0,248951.13319186753,4
0.0,126,0,-126.0,0.0,251629.75813948753,4
0.0,127,0,-127.0,0.0,254315.402458538,4
0.0,128,0,-128.0,0.0,257008.03034419715,4
0.0,129,0,-129.0,0.0,259707.6064349632,4
0.0,130,0,-130.0,0.0,262414.095804164,4
0.0,131,0,-131.0,0.0,265127.46395168226,4
0.0,132,0,-132.0,0.0,267847.6767958872,4
0.0,133,0,-133.0,0.0,270574.70066576946,4
0.0,134,0,-134.0,0.0,273308.50229327014,4
0.0,135,0,-135.0,0.0,276049.0488058009,4
0.0,136,0,-136.0,0.0,278796.30771894613,4
0.0,137,0,-137.0,0.0,281550.24692934623,4
0.0,138,0,-138.0,0.0,284310.83470775123,4
0.0,139,0,-139.0,0.0,287078.0396922453,4
0.0,140,0,-140.0,0.0,289851.83088163176,4
0.0,141,0,-141.0,0.0,292632.17762897856,4
0.0,142,0,-142.0,0.0,295419.0496353159,4
0.0,143,0,-143.0,0.0,298212.4169434846,4
0.0,144,0,-144.0,0.0,301012.24993212725,4
0.0,145,0,-145.0,0.0,303818.5193098229,4
0.0,146,0,-146.0,0.0,306631.1961093555,4
0.0,147,0,-147.0,0.0,309450.25168211834,4
0.0,148,0,-148.0,0.0,312275.6576926431,4
0.0,149,0,-149.0,0.0,315107.3861132604,4
0.0,150,0,-150.0,0.0,317945.40921887546,4
0.0,151,0,-151.0,0.0,320789.6995818685,4
0.0,152,0,-152.0,0.0,323640.2300671031,4
0.0,153,0,-153.0,0.0,326496.973827056,4
0.0,154,0,-154.0,0.0,329359.90429704566,4
0.0,155,0,-155.0,0.0,332228.99519057275,4
0.0,156,0,-156.0,0.0,335104.2204947632,4
0.0,157,0,-157.0,0.0,337985.5544659104,4
0.0,158,0,-158.0,0.0,340872.9716251119,4
0.0,159,0,-159.0,0.0,343766.44675400684,4
0.0,160,0,-160.0,0.0,346665.9548906013,4
0.0,161,0,-161.0,0.0,349571.47132518404,4
0.0,162,0,-162.0,0.0,352482.9715963308,4
0.0,163,0,-163.0,0.0,355400.431486994,4
0.0,164,0,-164.0,0.0,358323.8270206708,4
0.0,165,0,-165.0,0.0,361253.134457661,4
0.0,166,0,-166.0,0.0,364188.3302913913,4
0.0,167,0,-167.0,0.0,367129.39124482725,4
0.0,168,0,-168.0,0.0,370076.2942669532,4
0.0,169,0,-169.0,0.0,373029.01652932615,4
0.0,170,0,-170.0,0.0,375987.535422702,4
0.0,171,0,-171.0,0.0,378951.82855372876,4
0.0,172,0,-172.0,0.0,381921.8737417083,4
0.0,173,0,-173.0,0.0,384897.6490154219,4
0.0,174,0,-174.0,0.0,387879.1326100221,4
0.0,175,0,-175.0,0.0,390866.3029639846,4
0.0,176,0,-176.0,0.0,393859.1387161216,4
0.0,177,0,-177.0,0.0,396857.6187026547,4
0.0,178,0,-178.0,0.0,399861.72195434524,4
0.0,179,0,-179.0,0.0,402871.42769368115,4
0.0,180,0,-180.0,0.0,405886.7153321179,4
0.0,181,0,-181.0,0.0,408907.5644673739,4
0.0,182,0,-182.0,0.0,411933.95488077786,4
0.0,183,0,-183.0,0.0,414965.8665346675,4
0.0,184,0,-184.0,0.0,418003.27956983715,4
0.0,185,0,-185.0,0.0,421046.17430303583,4
0.0,186,0,-186.0,0.0,424094.53122451075,4
0.0,187,0,-187.0,0.0,427148.33099559764,4
0.0,188,0,-188.0,0.0,430207.55444635724,4
0.0,189,0,-189.0,0.0,433272.1825732556,4
0.0,190,0,-190.0,0.0,436342.1965368866,4
0.0,191,0,-191.0,0.0,439417.577659738,4
0.0,192,0,-192.0,0.0,442498.3074239978,4
0.0,193,0,-193.0,0.0,445584.3674694002,4
0.0,194,0,-194.0,0.0,448675.7395911135,4
0.0,195,0,-195.0,0.0,451772.40573766286,4
0.0,196,0,-196.0,0.0,454874.3480088931,4
0.0,197,0,-197.0,0.0,457981.5486539674,4
0.0,198,0,-198.0,0.0,461093.99006940116,4
0.0,199,0,-199.0,0.0,464211.65479713306,4
0.0,200,0,-200.0,0.0,467334.5255226271,4
0.0,201,0,-201.0,0.0,470462.58507301164,4
0.0,202,0,-202.0,0.0,473595.8164152482,4
0.0,203,0,-203.0,0.0,476734.2026543346,4
0.0,204,0,-204.0,0.0,479877.72703153745,4
0.0,205,0,-205.0,0.0,483026.3729226578,4
0.0,206,0,-206.0,0.0,486180.1238363239,4
0.0,207,0,-207.0,0.0,489338.96341231494,4
0.0,208,0,-208.0,0.0,492502.875419914,4
0.0,209,0,-209.0,0.0,495671.843756288,4
0.0,210,0,-210.0,0.0,498845.8524448948,4
0.0,211,0,-211.0,0.0,502024.88563391834,4
0.0,212,0,-212.0,0.0,505208.92759473,4
0.0,213,0,-213.0,0.0,508397.9627203751,4
0.0,214,0,-214.0,0.0,511591.97552408447,4
0.0,215,0,-215.0,0.0,514790.95063781174,4
0.0,216,0,-216.0,0.0,517994.8728107942,4
0.0,217,0,-217.0,0.0,521203.726908137,4
0.0,218,0,-218.0,0.0,524417.4979094216,4
0.0,219,0,-219.0,0.0,527636.1709073354,4
0.0,220,0,-220.0,0.0,530859.731106325,4
0.0,221,0,-221.0,0.0,534088.1638212712,4
0.0,222,0,-222.0,0.0,537321.454476184,4
0.0,223,0,-223.0,0.0,540559.5886029204,4
0.0,224,0,-224.0,0.0,543802.5518399205,4
0.0,225,0,-225.0,0.0,547050.3299309673,4
0.0,226,0,-226.0,0.0,550302.9087239604,4
0.0,227,0,-227.0,0.0,553560.274169715,4
0.0,228,0,-228.0,0.0,556822.4123207777,4
0.0,229,0,-229.0,0.0,560089.3093302574,4
0.0,230,0,-230.0,0.0,563360.9514506806,4
0.0,231,0,-231.0,0.0,566637.3250328591,4
0.0,232,0,-232.0,0.0,569918.4165247788,4
0.0,233,0,-233.0,0.0,573204.2124705032,4
0.0,234,0,-234.0,0.0,576494.6995090947,4
0.0,235,0,-235.0,0.0,579789.8643735535,4
0.0,236,0,-236.0,0.0,583089.6938897703,4
0.0,237,0,-237.0,0.0,586394.1749754964,4
0.0,238,0,-238.0,0.0,589703.294639329,4
0.0,239,0,-239.0,0.0,593017.0399797119,4
0.0,240,0,-240.0,0.0,596335.3981839526,4
0.0,241,0,-241.0,0.0,599658.3565272479,4
0.0,242,0,-242.0,0.0,602985.9023717341,4
0.0,243,0,-243.0,0.0,606318.0231655423,4
0.0,244,0,-244.0,0.0,609654.7064418725,4
0.0,245,0,-245.0,0.0,612995.9398180778,4
0.0,246,0,-246.0,0.0,616341.7109947669,4
0.0,247,0,-247.0,0.0,619692.007754915,4
0.0,248,0,-248.0,0.0,623046.8179629905,4
0.0,249,0,-249.0,0.0,626406.1295640917,4
0.0,250,0,-250.0,0.0,629769.9305830982,4
0.0,251,0,-251.0,0.0,633138.2091238346,4
0.0,252,0,-252.0,0.0,636510.9533682442,4
0.0,253,0,-253.0,0.0,639888.1515755765,4
0.0,254,0,-254.0,0.0,643269.7920815836,4
0.0,255,0,-255.0,0.0,646655.8632977318,4
0.3000000000000001,0,970,0.0,960.0,3107.7862046654595,5
0.3100000000000001,1,880,-1.0,962.5985000382635,3107.7862046654595,5
0.2800000000000001,2,859,-2.0,874.6170909369189,3204.5546315003608,5
0.2700000000000001,3,767,-3.0,868.6399516668447,3406.8467286552327,5
0.24000000000000007,4,735,-4.0,818.3361900888422,3722.724554512988,5
0.23000000000000007,5,544,-5.0,845.3340964600513,4137.065270667451,5
0.17,6,448,-6.0,707.3101071816375,4715.214848532787,5
0.13999999999999999,7,416,-7.0,658.7943968197354,5405.044153291964,5
0.12999999999999998,8,192,-8.0,702.4557085808411,6174.422352863814,5
0.060000000000000005,9,192,-9.0,364.78463194056405,7135.650275037573,5
0.060000000000000005,10,224,-10.0,407.70300773002106,8141.562969070043,5
0.07,11,128,-11.0,569.5276092053743,9165.65889469376,5
0.04,12,160,-12.0,369.4769077992493,10297.353989848581,5
0.05,13,224,-13.0,503.93131064266856,11437.849655452228,5
0.07,14,128,-14.0,756.9207653952644,12561.071889962084,5
0.04,15,96,-15.0,501.7638541336715,13791.434936805506,5
0.03,16,192,-16.0,428.5439913906141,15075.991564988513,5
0.060000000000000005,17,256,-17.0,888.0772183444545,16306.293189341459,5
0.08,18,512,-18.0,1249.6646723588349,17510.009854217667,5
0.16,19,416,-19.0,2803.401689124154,18534.27039914803,5
0.12999999999999998,20,160,-20.0,2388.437941384238,19662.00605789441,5
0.05,21,192,-21.0,968.1099160297458,21037.603302554304,5
0.060000000000000005,22,192,-22.0,1267.5762888533861,22419.261527338625,5
0.060000000000000005,23,256,-23.0,1341.965212991824,23806.485505172775,5
0.08,24,128,-24.0,1817.1343237507106,25154.30945139945,5
0.04,25,192,-25.0,1054.3970758516214,26644.780813254714,5
0.060000000000000005,26,352,-26.0,1626.220113181492,28090.78147039495,5
0.10999999999999999,27,448,-27.0,3108.1292592753434,29402.94472469591,5
0.13999999999999999,28,160,-28.0,4062.9350477976423,30646.054503678908,5
0.05,29,96,-29.0,1557.3649643797025,32188.62833965779,5
0.03,30,160,-30.0,963.5562823910559,33814.22757189927,5
0.05,31,224,-31.0,1681.9911163536578,35387.65506145473,5
0.07,32,224,-32.0,2577.535064024287,36910.41110753728,5
0.07,33,352,-33.0,2584.592751064379,38449.522555586715,5
0.10999999999999999,34,320,-34.0,4261.848676318061,39873.04689950464,5
0.09999999999999999,35,128,-35.0,3903.183739549894,41346.022241980645,5
0.04,36,160,-36.0,1684.0603551897955,43041.41284313848,5
0.05,37,288,-37.0,2155.9775474015737,44714.94651851853,5
0.09,38,288,-38.0,4040.24142708645,46262.63312221953,5
0.09,39,256,-39.0,4157.768209550738,47825.33480552174,5
0.08,40,416,-40.0,3745.4218795261945,49437.79340463306,5
0.12999999999999998,41,640,-41.0,6488.7415574067045,50891.48376816003,5
0.20000000000000004,42,832,-42.0,10221.84856366665,52147.70181912898,5
0.26000000000000006,43,896,-43.0,13389.106189314609,53220.72730934595,5
0.2800000000000001,44,1024,-44.0,14989.954717560719,54264.28581280992,5
0.3200000000000001,45,1280,-45.0,17325.077650005085,55207.55839610418,5
0.4000000000000002,46,1344,-46.0,21953.81172791415,55939.77616034804,5
0.4200000000000002,47,1088,-47.0,23685.554019614123,56646.38198355519,5
0.34000000000000014,48,864,-48.0,19250.43257786623,57575.39841672903,5
0.2700000000000001,49,992,-49.0,15520.924362304277,58710.93694302413,5
0.3100000000000001,50,928,-50.0,18137.30048202321,59750.757768981595,5
0.2900000000000001,51,992,-51.0,17091.999933843952,60848.69734503146,5
0.3100000000000001,52,864,-52.0,18899.217856215415,61896.37164945876,5
0.2700000000000001,53,672,-53.0,16485.168125447733,63082.822794774576,5
0.21000000000000005,54,672,-54.0,13031.141169226106,64487.14175591859,5
0.21000000000000005,55,512,-55.0,13607.956014174473,65902.2923080909,5
0.16,56,544,-56.0,10619.390505680894,67534.94856318734,5
0.17,57,544,-57.0,11544.921946152366,69138.20754101832,5
0.17,58,704,-58.0,11541.147802856334,70731.63206848958,5
0.22000000000000006,59,416,-59.0,15550.107296106204,72146.22094048017,5
0.12999999999999998,60,320,-60.0,9489.893199474933,73921.1732034449,5
0.09999999999999999,61,224,-61.0,7457.751343897321,75830.24866955954,5
0.07,62,224,-62.0,5325.695171676915,77877.17930681753,5
0.07,63,256,-63.0,5621.535010136295,79930.14226934071,5
0.08,64,224,-64.0,6397.521473841144,81967.11242776923,5
0.07,65,160,-65.0,5850.444147030402,84032.75267779063,5
0.05,66,256,-66.0,4118.840856824195,86195.29330887934,5
0.08,67,192,-67.0,6753.701708876523,88227.9083490303,5
0.060000000000000005,68,64,-68.0,5123.652643473029,90380.44856283646,5
0.02,69,32,-69.0,1778.795709830455,92702.6144018506,5
0.01,70,0,-70.0,933.2848364911139,95077.20161778988,5
0.0,71,0,-71.0,0.0,97504.4755663033,5
0.0,72,0,-72.0,0.0,99935.58788205984,5
0.0,73,0,-73.0,0.0,102370.76952188909,5
0.0,74,0,-74.0,0.0,104810.23022351052,5
0.0,75,0,-75.0,0.0,107254.16061645086,5
0.0,76,0,-76.0,0.0,109702.73408435615,5
0.0,77,0,-77.0,0.0,112156.1084129167,5
0.0,78,0,-78.0,0.0,114614.42725223617,5
0.0,79,0,-79.0,0.0,117077.82141803697,5
0.0,80,0,-80.0,0.0,119546.41005242479,5
0.0,81,0,-81.0,0.0,122020.30166188614,5
0.0,82,0,-82.0,0.0,124499.59504764588,5
0.0,83,0,-83.0,0.0,126984.3801413816,5
0.0,84,0,-84.0,0.0,129474.73875749354,5
0.0,85,0,-85.0,0.0,131970.74527161496,5
0.0,86,0,-86.0,0.0,134472.46723376124,5
0.0,87,0,-87.0,0.0,136979.9659234235,5
0.0,88,0,-88.0,0.0,139493.2968529778,5
0.0,89,0,-89.0,0.0,142012.51022498292,5
0.0,90,0,-90.0,0.0,144537.65134825284,5
0.0,91,0,-91.0,0.0,147068.76101699873,5
0.0,92,0,-92.0,0.0,149605.87585682428,5
0.0,93,0,-93.0,0.0,152149.0286409151,5
0.0,94,0,-94.0,0.0,154698.24857938147,5
0.0,95,0,-95.0,0.0,157253.5615843728,5
0.0,96,0,-96.0,0.0,159814.9905132995,5
0.0,97,0,-97.0,0.0,162382.5553922319,5
0.0,98,0,-98.0,0.0,164956.27362133213,5
0.0,99,0,-99.0,0.0,167536.16016396822,5
0.0,100,0,-100.0,0.0,170122.2277209963,5
0.0,101,0,-101.0,0.0,172714.48689153438,5
0.0,102,0,-102.0,0.0,175312.94632142416,5
0.0,103,0,-103.0,0.0,177917.61284045118,5
0.0,104,0,-104.0,0.0,180528.49158929236,5
0.0,105,0,-105.0,0.0,183145.58613706226,5
0.0,106,0,-106.0,0.0,185768.89859024747,5
0.0,107,0,-107.0,0.0,188398.42969374076,5
0.0,108,0,-108.0,0.0,191034.1789246245,5
0.0,109,0,-109.0,0.0,193676.1445792871,5
0.0,110,0,-110.0,0.0,196324.32385440706,5
0.0,111,0,-111.0,0.0,198978.7129222893,5
0.0,112,0,-112.0,0.0,201639.30700099427,5
0.0,113,0,-113.0,0.0,204306.1004196634,5
0.0,114,0,-114.0,0.0,206979.08667940754,5
0.0,115,0,-115.0,0.0,209658.25851009492,5
0.0,116,0,-116.0,0.0,212343.6079233447,5
0.0,117,0,-117.0,0.0,215035.12626200818,5
0.0,118,0,-118.0,0.0,217732.80424639513,5
0.0,119,0,-119.0,0.0,220436.63201748068,5
0.0,120,0,-120.0,0.0,223146.5991773132,5
0.0,121,0,-121.0,0.0,225862.69482681868,5
0.0,122,0,-122.0,0.0,228584.9076011874,5
0.0,123,0,-123.0,0.0,231313.2257030131,5
0.0,124,0,-124.0,0.0,234047.63693333854,5
0.0,125,0,-125.0,0.0,236788.12872075234,5
0.0,126,0,-126.0,0.0,239534.68814866937,5
0.0,127,0,-127.0,0.0,242287.30198091897,5
0.0,128,0,-128.0,0.0,245045.95668575104,5
0.0,129,0,-129.0,0.0,247810.63845836956,5
0.0,130,0,-130.0,0.0,250581.33324208643,5
0.0,131,0,-131.0,0.0,253358.0267481891,5
0.0,132,0,-132.0,0.0,256140.7044746029,5
0.0,133,0,-133.0,0.0,258929.35172342742,5
0.0,134,0,-134.0,0.0,261723.95361741912,5
0.0,135,0,-135.0,0.0,264524.4951154839,5
0.0,136,0,-136.0,0.0,267330.96102724754,5
0.0,137,0,-137.0,0.0,270143.33602675586,5
0.0,138,0,-138.0,0.0,272961.6046653629,5
0.0,139,0,-139.0,0.0,275785.7513838547,5
0.0,140,0,-140.0,0.0,278615.7605238571,5
0.0,141,0,-141.0,0.0,281451.6163385712,5
0.0,142,0,-142.0,0.0,284293.30300287437,5
0.0,143,0,-143.0,0.0,287140.8046228295,5
0.0,144,0,-144.0,0.0,289994.1052446348,5
0.0,145,0,-145.0,0.0,292853.1888630472,5
0.0,146,0,-146.0,0.0,295718.0394293125,5
0.0,147,0,-147.0,0.0,298588.6408586303,5
0.0,148,0,-148.0,0.0,301464.9770371788,5
0.0,149,0,-149.0,0.0,304347.03182873083,5
0.0,150,0,-150.0,0.0,307234.78908087575,5
0.0,151,0,-151.0,0.0,310128.23263088,5
0.0,152,0,-152.0,0.0,313027.3463111985,5
0.0,153,0,-153.0,0.0,315932.1139546628,5
0.0,154,0,-154.0,0.0,318842.51939936023,5
0.0,155,0,-155.0,0.0,321758.54649322334,5
0.0,156,0,-156.0,0.0,324680.17909834697,5
0.0,157,0,-157.0,0.0,327607.401095045,5
0.0,158,0,-158.0,0.0,330540.19638566446,5
0.0,159,0,-159.0,0.0,333478.54889816936,5
0.0,160,0,-160.0,0.0,336422.4425895057,5
0.0,161,0,-161.0,0.0,339371.86144876113,5
0.0,162,0,-162.0,0.0,342326.7895001325,5
0.0,163,0,-163.0,0.0,345287.2108057047,5
0.0,164,0,-164.0,0.0,348253.10946806154,5
0.0,165,0,-165.0,0.0,351224.46963272797,5
0.0,166,0,-166.0,0.0,354201.2754904588,5
0.0,167,0,-167.0,0.0,357183.51127937983,5
0.0,168,0,-168.0,0.0,360171.16128699144,5
0.0,169,0,-169.0,0.0,363164.2098520379,5
0.0,170,0,-170.0,0.0,366162.6413662541,5
0.0,171,0,-171.0,0.0,369166.44027599436,5
0.0,172,0,-172.0,0.0,372175.5910837487,5
0.0,173,0,-173.0,0.0,375190.0783495537,5
0.0,174,0,-174.0,0.0,378209.8866923048,5
0.0,175,0,-175.0,0.0,381235.0007909723,5
0.0,176,0,-176.0,0.0,384265.4053857273,5
0.0,177,0,-177.0,0.0,387301.0852789847,5
0.0,178,0,-178.0,0.0,390342.02533636475,5
0.0,179,0,-179.0,0.0,393388.21048757795,5
0.0,180,0,-180.0,0.0,396439.62572723837,5
0.0,181,0,-181.0,0.0,399496.2561156095,5
0.0,182,0,-182.0,0.0,402558.08677928284,5
0.0,183,0,-183.0,0.0,405625.10291179863,5
0.0,184,0,-184.0,0.0,408697.2897742058,5
0.0,185,0,-185.0,0.0,411774.6326955688,5
0.0,186,0,-186.0,0.0,414857.1170734205,5
0.0,187,0,-187.0,0.0,417944.7283741684,5
0.0,188,0,-188.0,0.0,421037.452133451,5
0.0,189,0,-189.0,0.0,424135.273956453,5
0.0,190,0,-190.0,0.0,427238.1795181767,5
0.0,191,0,-191.0,0.0,430346.1545636748,5
0.0,192,0,-192.0,0.0,433459.18490824476,5
0.0,193,0,-193.0,0.0,436577.2564375884,5
0.0,194,0,-194.0,0.0,439700.35510793887,5
0.0,195,0,-195.0,0.0,442828.4669461529,5
0.0,196,0,-196.0,0.0,445961.57804977655,5
0.0,197,0,-197.0,0.0,449099.6745870805,5
0.0,198,0,-198.0,0.0,452242.7427970681,5
0.0,199,0,-199.0,0.0,455390.7689894602,5
0.0,200,0,-200.0,0.0,458543.7395446538,5
0.0,201,0,-201.0,0.0,461701.64091365895,5
0.0,202,0,-202.0,0.0,464864.4596180144,5
0.0,203,0,-203.0,0.0,468032.1822496832,5
0.0,204,0,-204.0,0.0,471204.7954709281,5
0.0,205,0,-205.0,0.0,474382.286014171,5
0.0,206,0,-206.0,0.0,477564.64068183326,5
0.0,207,0,-207.0,0.0,480751.84634616156,5
0.0,208,0,-208.0,0.0,483943.8899490384,5
0.0,209,0,-209.0,0.0,487140.75850177795,5
0.0,210,0,-210.0,0.0,490342.4390849095,5
0.0,211,0,-211.0,0.0,493548.91884794744,5
0.0,212,0,-212.0,0.0,496760.18500915036,5
0.0,213,0,-213.0,0.0,499976.22485526797,5
0.0,214,0,-214.0,0.0,503197.02574127953,5
0.0,215,0,-215.0,0.0,506422.5750901214,5
0.0,216,0,-216.0,0.0,509652.86039240524,5
0.0,217,0,-217.0,0.0,512887.86920612754,5
0.0,218,0,-218.0,0.0,516127.58915637387,5
0.0,219,0,-219.0,0.0,519372.007935012,5
0.0,220,0,-220.0,0.0,522621.1133003812,5
0.0,221,0,-221.0,0.0,525874.893076973,5
0.0,222,0,-222.0,0.0,529133.335155108,5
0.0,223,0,-223.0,0.0,532396.4274906053,5
0.0,224,0,-224.0,0.0,535664.1581044481,5
0.0,225,0,-225.0,0.0,538936.5150824452,5
0.0,226,0,-226.0,0.0,542213.4865748861,5
0.0,227,0,-227.0,0.0,545495.0607961939,5
0.0,228,0,-228.0,0.0,548781.2260245751,5
0.0,229,0,-229.0,0.0,552071.9706016633,5
0.0,230,0,-230.0,0.0,555367.2829321633,5
0.0,231,0,-231.0,0.0,558667.1514834912,5
0.0,232,0,-232.0,0.0,561971.5647854103,5
0.0,233,0,-233.0,0.0,565280.5114296688,5
0.0,234,0,-234.0,0.0,568593.9800696322,5
0.0,235,0,-235.0,0.0,571911.9594199155,5
0.0,236,0,-236.0,0.0,575234.4382560127,5
0.0,237,0,-237.0,0.0,578561.4054139288,5
0.0,238,0,-238.0,0.0,581892.8497898057,5
0.0,239,0,-239.0,0.0,585228.760339551,5
0.0,240,0,-240.0,0.0,588569.1260784641,5
0.0,241,0,-241.0,0.0,591913.9360808635,5
0.0,242,0,-242.0,0.0,595263.1794797141,5
0.0,243,0,-243.0,0.0,598616.8454662503,5
0.0,244,0,-244.0,0.0,601974.9232896058,5
0.0,245,0,-245.0,0.0,605337.4022564362,5
0.0,246,0,-246.0,0.0,608704.2717305502,5
0.0,247,0,-247.0,0.0,612075.5211325309,5
0.0,248,0,-248.0,0.0,615451.1399393695,5
0.0,249,0,-249.0,0.0,618831.1176840898,5
0.0,250,0,-250.0,0.0,622215.443955378,5
0.0,251,0,-251.0,0.0,625604.1083972127,5
0.0,252,0,-252.0,0.0,628997.1007084966,5
0.0,253,0,-253.0,0.0,632394.4106426882,5
0.0,254,0,-254.0,0.0,635796.0280074324,5
0.0,255,0,-255.0,0.0,639201.9426641995,5
0.3000000000000001,0,968,0.0,960.0,3107.786204665459,6
0.3100000000000001,1,1219,-1.0,959.9256364053784,3107.786204665459,6
0.3900000000000002,2,1444,-2.0,1209.2434773231653,3178.3961593614595,6
0.46000000000000024,3,1336,-3.0,1468.1861114269284,3287.46698524198,6
0.4200000000000002,4,1179,-4.0,1396.0734807716326,3472.235878998589,6
0.37000000000000016,5,1119,-5.0,1274.7054167807291,3758.1622309675554,6
0.35000000000000014,6,928,-6.0,1315.2338379781484,4123.883541865625,6
0.2900000000000001,7,992,-7.0,1204.1817691190377,4625.168038964926,6
0.3100000000000001,8,896,-8.0,1399.5544315222005,5154.412375148638,6
0.2800000000000001,9,832,-9.0,1487.3693314494346,5778.275268162202,6
0.26000000000000006,10,832,-10.0,1512.9772449669713,6478.48894743616,6
0.26000000000000006,11,736,-11.0,1667.6884471658227,7203.3278167763865,6
0.23000000000000007,12,544,-12.0,1619.407164704349,8033.23839685564,6
0.17,13,512,-13.0,1405.1215052547163,9017.36646538121,6
0.16,14,448,-14.0,1518.434476651265,10048.190714533674,6
0.13999999999999999,15,512,-15.0,1431.5323744719592,11150.809109254695,6
0.16,16,384,-16.0,1779.3626107526602,12220.403711036206,6
0.11999999999999998,17,352,-17.0,1452.2513513451213,13417.152195582235,6
0.10999999999999999,18,352,-18.0,1502.6191330089498,14658.562032991149,6
0.10999999999999999,19,384,-19.0,1615.3920034650114,15916.106222127837,6
0.11999999999999998,20,512,-20.0,1798.7909327603147,17161.368598429177,6
0.16,21,576,-21.0,2767.629726891632,18310.93793217502,6
0.18000000000000002,22,672,-22.0,3417.4171087538657,19424.172353296435,6
0.21000000000000005,23,672,-23.0,4107.119986994102,20474.674317575063,6
0.21000000000000005,24,736,-24.0,4268.92334059486,21558.095376530728,6
0.23000000000000007,25,768,-25.0,4966.437373982888,22591.175772106402,6
0.24000000000000007,26,864,-26.0,5468.90460875509,23615.103261139255,6
0.2700000000000001,27,672,-27.0,6391.795849339168,24575.515167741574,6
0.21000000000000005,28,704,-28.0,5238.904289586283,25721.708554462395,6
0.22000000000000006,29,640,-29.0,5507.424589008053,26854.15378798868,6
0.20000000000000004,30,608,-30.0,5486.150737093321,28062.059669189348,6
0.19000000000000003,31,640,-31.0,5359.740653452773,29315.374688681415,6
0.20000000000000004,32,640,-32.0,5863.761640336315,30551.193503563132,6
0.20000000000000004,33,512,-33.0,6181.007172703545,31816.62784830457,6
0.16,34,512,-34.0,5143.28713178811,33209.68200258333,6
0.16,35,416,-35.0,5186.494770528092,34614.524681090064,6
0.12999999999999998,36,320,-36.0,4521.171474026096,36134.65323745316,6
0.09999999999999999,37,192,-37.0,3652.0004732627126,37772.966045972345,6
0.060000000000000005,38,96,-38.0,2232.9072510262363,39570.3701855565,6
0.03,39,64,-39.0,1177.6275444736498,41491.537825657855,6
0.02,40,96,-40.0,821.9880027506792,43457.18880302884,6
0.03,41,160,-41.0,1317.3917287818897,45386.91591995964,6
0.05,42,256,-42.0,2293.251235522366,47242.98328454638,6
0.08,43,352,-43.0,3841.246919022856,48990.147026058105,6
0.10999999999999999,44,288,-44.0,5308.814145370653,50633.42304878788,6
0.09,45,224,-45.0,4576.210860674337,52363.00716962237,6
0.07,46,256,-46.0,3705.2617281048683,54199.92562061537,6
0.08,47,224,-47.0,4389.96624214834,55986.460343672145,6
0.07,48,128,-48.0,3858.170265470356,57821.94553061972,6
0.04,49,32,-49.0,2408.233474540033,59788.08119495247,6
0.01,50,32,-50.0,537.4434747190608,61887.861210190276,6
0.01,51,32,-51.0,684.4587647535435,63993.83175707757,6
0.01,52,32,-52.0,653.3587712033432,66106.28032674394,6
0.01,53,0,-53.0,623.731744769858,68225.45623930755,6
0.0,54,0,-54.0,0.0,70394.96593516783,6
0.0,55,0,-55.0,0.0,72571.08126481806,6
0.0,56,0,-56.0,0.0,74754.01143188497,6
0.0,57,0,-57.0,0.0,76943.93887391189,6
0.0,58,0,-58.0,0.0,79141.02255519683,6
0.0,59,0,-59.0,0.0,81345.40079335433,6
0.0,60,0,-60.0,0.0,83557.19369573821,6
0.0,61,0,-61.0,0.0,85776.50526775315,6
0.0,62,0,-62.0,0.0,88003.42524389486,6
0.0,63,0,-63.0,0.0,90238.03068342336,6
0.0,64,0,-64.0,0.0,92480.38736538972,6
0.0,65,0,-65.0,0.0,94730.55101193143,6
0.0,66,0,-66.0,0.0,96988.568364028,6
0.0,67,0,-67.0,0.0,99254.47813004653,6
0.0,68,0,-68.0,0.0,101528.31182423749,6
0.0,69,0,-69.0,0.0,103810.09450971647,6
0.0,70,0,-70.0,0.0,106099.84545830115,6
0.0,71,0,-71.0,0.0,108397.57873775622,6
0.0,72,0,-72.0,0.0,110703.30373548929,6
0.0,73,0,-73.0,0.0,113017.02562646722,6
0.0,74,0,-74.0,0.0,115338.7457920511,6
0.0,75,0,-75.0,0.0,117668.46219554059,6
0.0,76,0,-76.0,0.0,120006.16971944844,6
0.0,77,0,-77.0,0.0,122351.86046887253,6
0.0,78,0,-78.0,0.0,124705.52404476807,6
0.0,79,0,-79.0,0.0,127067.14779044778,6
0.0,80,0,-80.0,0.0,129436.71701422255,6
0.0,81,0,-81.0,0.0,131814.21519073818,6
0.0,82,0,-82.0,0.0,134199.62414326167,6
0.0,83,0,-83.0,0.0,136592.92420889798,6
0.0,84,0,-84.0,0.0,138994.0943884932,6
0.0,85,0,-85.0,0.0,141403.11248277442,6
0.0,86,0,-86.0,0.0,143819.95521610384,6
0.0,87,0,-87.0,0.0,146244.5983490689,6
0.0,88,0,-88.0,0.0,148677.01678100022,6
0.0,89,0,-89.0,0.0,151117.18464338456,6
0.0,90,0,-90.0,0.0,153565.07538504197,6
0.0,91,0,-91.0,0.0,156020.66184984203,6
0.0,92,0,-92.0,0.0,158483.91634765384,6
0.0,93,0,-93.0,0.0,160954.81071915277,6
0.0,94,0,-94.0,0.0,163433.31639504447,6
0.0,95,0,-95.0,0.0,165919.40445020862,6
0.0,96,0,-96.0,0.0,168413.04565321785,6
0.0,97,0,-97.0,0.0,170914.21051163922,6
0.0,98,0,-98.0,0.0,173422.86931348947,6
0.0,99,0,-99.0,0.0,175938.99216517655,6
0.0,100,0,-100.0,0.0,178462.5490262313,6
0.0,101,0,-101.0,0.0,180993.50974110287,6
0.0,102,0,-102.0,0.0,183531.84406826596,6
0.0,103,0,-103.0,0.0,186077.521706866,6
0.0,104,0,-104.0,0.0,188630.5123211088,6
0.0,105,0,-105.0,0.0,191190.78556257786,6
0.0,106,0,-106.0,0.0,193758.31109065562,6
0.0,107,0,-107.0,0.0,196333.05859119582,6
0.0,108,0,-108.0,0.0,198914.99779359554,6
0.0,109,0,-109.0,0.0,201504.09848639191,6
0.0,110,0,-110.0,0.0,204100.3305315036,6
0.0,111,0,-111.0,0.0,206703.66387722344,6
0.0,112,0,-112.0,0.0,209314.06857006403,6
0.0,113,0,-113.0,0.0,211931.51476554218,6
0.0,114,0,-114.0,0.0,214555.97273799145,6
0.0,115,0,-115.0,0.0,217187.4128894721,6
0.0,116,0,-116.0,0.0,219825.80575785597,6
0.0,117,0,-117.0,0.0,222471.12202414253,6
0.0,118,0,-118.0,0.0,225123.33251907316,6
0.0,119,0,-119.0,0.0,227782.40822909147,6
0.0,120,0,-120.0,0.0,230448.32030170385,6
0.0,121,0,-121.0,0.0,233121.04005028453,6
0.0,122,0,-122.0,0.0,235800.53895836812,6
0.0,123,0,-123.0,0.0,238486.78868346938,6
0.0,124,0,-124.0,0.0,241179.76106046478,6
0.0,125,0,-125.0,0.0,243879.42810457083,6
0.0,126,0,-126.0,0.0,246585.76201394925,6
0.0,127,0,-127.0,0.0,249298.73517196783,6
0.0,128,0,-128.0,0.0,252018.32014914227,6
0.0,129,0,-129.0,0.0,254744.48970478398,6
0.0,130,0,-130.0,0.0,257477.2167883789,6
0.0,131,0,-131.0,0.0,260216.47454071115,6
0.0,132,0,-132.0,0.0,262962.23629476,6
0.0,133,0,-133.0,0.0,265714.4755763799,6
0.0,134,0,-134.0,0.0,268473.16610478604,6
0.0,135,0,-135.0,0.0,271238.2817928559,6
0.0,136,0,-136.0,0.0,274009.79674726556,6
0.0,137,0,-137.0,0.0,276787.6852684707,6
0.0,138,0,-138.0,0.0,279571.9218505459,6
0.0,139,0,-139.0,0.0,282362.4811808928,6
0.0,140,0,-140.0,0.0,285159.338139829,6
0.0,141,0,-141.0,0.0,287962.4678000651,6
0.0,142,0,-142.0,0.0,290771.8454260832,6
0.0,143,0,-143.0,0.0,293587.44647341926,6
0.0,144,0,-144.0,0.0,296409.2465878631,6
0.0,145,0,-145.0,0.0,299237.22160457855,6
0.0,146,0,-146.0,0.0,302071.34754715423,6
0.0,147,0,-147.0,0.0,304911.6006265888,6
0.0,148,0,-148.0,0.0,307757.9572402171,6
0.0,149,0,-149.0,0.0,310610.3939705837,6
0.0,150,0,-150.0,0.0,313468.8875842669,6
0.0,151,0,-151.0,0.0,316333.41503065947,6
0.0,152,0,-152.0,0.0,319203.95344071067,6
0.0,153,0,-153.0,0.0,322080.4801256309,6
0.0,154,0,-154.0,0.0,324962.97257556696,6
0.0,155,0,-155.0,0.0,327851.4084582476,6
0.0,156,0,-156.0,0.0,330745.7656176051,6
0.0,157,0,-157.0,0.0,333646.0220723738,6
0.0,158,0,-158.0,0.0,336552.1560146708,6
0.0,159,0,-159.0,0.0,339464.14580855984,6
0.0,160,0,-160.0,0.0,342381.9699885999,6
0.0,161,0,-161.0,0.0,345305.60725838324,6
0.0,162,0,-162.0,0.0,348235.03648906323,6
0.0,163,0,-163.0,0.0,351170.23671787424,6
0.0,164,0,-164.0,0.0,354111.1871466455,6
0.0,165,0,-165.0,0.0,357057.86714031047,6
0.0,166,0,-166.0,0.0,360010.2562254123,6
0.0,167,0,-167.0,0.0,362968.3340886106,6
0.0,168,0,-168.0,0.0,365932.08057518443,6
0.0,169,0,-169.0,0.0,368901.47568753874,6
0.0,170,0,-170.0,0.0,371876.499583713,6
0.0,171,0,-171.0,0.0,374857.1325758899,6
0.0,172,0,-172.0,0.0,377843.3551289131,6
0.0,173,0,-173.0,0.0,380835.14785880636,6
0.0,174,0,-174.0,0.0,383832.49153129885,6
0.0,175,0,-175.0,0.0,386835.3670603578,6
0.0,176,0,-176.0,0.0,389843.7555067291,6
0.0,177,0,-177.0,0.0,392857.63807648397,6
0.0,178,0,-178.0,0.0,395876.9961195752,6
0.0,179,0,-179.0,0.0,398901.81112840155,6
0.0,180,0,-180.0,0.0,401932.0647363828,6
0.0,181,0,-181.0,0.0,404967.7387165431,6
0.0,182,0,-182.0,0.0,408008.81498010585,6
0.0,183,0,-183.0,0.0,411055.2755750985,6
0.0,184,0,-184.0,0.0,414107.1026849678,6
0.0,185,0,-185.0,0.0,417164.27862720785,6
0.0,186,0,-186.0,0.0,420226.78585199715,6
0.0,187,0,-187.0,0.0,423294.6069408502,6
0.0,188,0,-188.0,0.0,426367.72460527794,6
0.0,189,0,-189.0,0.0,429446.1216854634,6
0.0,190,0,-190.0,0.0,432529.7811489464,6
0.0,191,0,-191.0,0.0,435618.68608932244,6
0.0,192,0,-192.0,0.0,438712.81972495443,6
0.0,193,0,-193.0,0.0,441812.16539769486,6
0.0,194,0,-194.0,0.0,444916.7065716237,6
0.0,195,0,-195.0,0.0,448026.42683179444,6
0.0,196,0,-196.0,0.0,451141.3098829982,6
0.0,197,0,-197.0,0.0,454261.33954853617,6
0.0,198,0,-198.0,0.0,457386.49976900726,6
0.0,199,0,-199.0,0.0,460516.77460110723,6
0.0,200,0,-200.0,0.0,463652.1482164418,6
0.0,201,0,-201.0,0.0,466792.60490035044,6
0.0,202,0,-202.0,0.0,469938.1290507467,6
0.0,203,0,-203.0,0.0,473088.7051769655,6
0.0,204,0,-204.0,0.0,476244.3178986287,6
0.0,205,0,-205.0,0.0,479404.9519445199,6
0.0,206,0,-206.0,0.0,482570.5921514722,6
0.0,207,0,-207.0,0.0,485741.2234632705,6
0.0,208,0,-208.0,0.0,488916.8309295623,6
0.0,209,0,-209.0,0.0,492097.3997047847,6
0.0,210,0,-210.0,0.0,495282.9150471025,6
0.0,211,0,-211.0,0.0,498473.36231735535,6
0.0,212,0,-212.0,0.0,501668.72697802243,6
0.0,213,0,-213.0,0.0,504868.994592195,6
0.0,214,0,-214.0,0.0,508074.1508225628,6
0.0,215,0,-215.0,0.0,511284.18143040925,6
0.0,216,0,-216.0,0.0,514499.0722746241,6
0.0,217,0,-217.0,0.0,517718.80931072106,6
0.0,218,0,-218.0,0.0,520943.3785898717,6
0.0,219,0,-219.0,0.0,524172.7662579497,6
0.0,220,0,-220.0,0.0,527406.9585545827,6
0.0,221,0,-221.0,0.0,530645.9418122211,6
0.0,222,0,-222.0,0.0,533889.7024552139,6
0.0,223,0,-223.0,0.0,537138.2269988976,6
0.0,224,0,-224.0,0.0,540391.5020486928,6
0.0,225,0,-225.0,0.0,543649.5142992153,6
0.0,226,0,-226.0,0.0,546912.2505333971,6
0.0,227,0,-227.0,0.0,550179.697621613,6
0.0,228,0,-228.0,0.0,553451.8425208267,6
0.0,229,0,-229.0,0.0,556728.6722737375,6
0.0,230,0,-230.0,0.0,560010.174007943,6
0.0,231,0,-231.0,0.0,563296.3349351108,6
0.0,232,0,-232.0,0.0,566587.1423501594,6
0.0,233,0,-233.0,0.0,569882.5836304476,6
0.0,234,0,-234.0,0.0,573182.646234978,6
0.0,235,0,-235.0,0.0,576487.317703603,6
0.0,236,0,-236.0,0.0,579796.5856562476,6
0.0,237,0,-237.0,0.0,583110.4377921368,6
0.0,238,0,-238.0,0.0,586428.8618890336,6
0.0,239,0,-239.0,0.0,589751.8458024861,6
0.0,240,0,-240.0,0.0,593079.3774650837,6
0.0,241,0,-241.0,0.0,596411.4448857222,6
0.0,242,0,-242.0,0.0,599748.0361488763,6
0.0,243,0,-243.0,0.0,603089.139413884,6
0.0,244,0,-244.0,0.0,606434.7429142344,6
0.0,245,0,-245.0,0.0,609784.834956871,6
0.0,246,0,-246.0,0.0,613139.4039214946,6
0.0,247,0,-247.0,0.0,616498.438259883,6
0.0,248,0,-248.0,0.0,619861.9264952135,6
0.0,249,0,-249.0,0.0,623229.8572213933,6
0.0,250,0,-250.0,0.0,626602.2191024026,6
0.0,251,0,-251.0,0.0,629979.0008716388,6
0.0,252,0,-252.0,0.0,633360.1913312735,6
0.0,253,0,-253.0,0.0,636745.7793516169,6
0.0,254,0,-254.0,0.0,640135.7538704845,6
0.0,255,0,-255.0,0.0,643530.1038925778,6
0.3000000000000001,0,1002,0.0,960.0,3107.786204665459,7
0.3200000000000001,1,1253,-1.0,994.5985000382636,3107.786204665459,7
0.4000000000000002,2,1474,-2.0,1243.9163409560501,3174.877527624942,7
0.47000000000000025,3,1271,-3.0,1496.96232644507,3280.0830803608997,7
0.4000000000000002,4,1309,-4.0,1316.610351935741,3481.515247423111,7
0.4100000000000002,5,992,-5.0,1438.8296245289298,3731.2467658430737,7
0.3100000000000001,6,928,-6.0,1166.7526891075017,4151.561369863801,7
0.2900000000000001,7,800,-7.0,1199.2050177733022,4651.395218950198,7
0.25000000000000006,8,800,-8.0,1123.998065635125,5266.60489514371,7
0.25000000000000006,9,832,-9.0,1296.9870901224422,5927.361261710785,7
0.26000000000000006,10,800,-10.0,1493.9045316775857,6609.370324925743,7
0.25000000000000006,11,736,-11.0,1694.0730511110562,7346.657527138778,7
0.23000000000000007,12,896,-12.0,1685.5315961368697,8168.432656487819,7
0.2800000000000001,13,832,-13.0,2381.554295540166,8901.47064228362,7
0.26000000000000006,14,800,-14.0,2332.254924057052,9716.361912544691,7
0.25000000000000006,15,576,-15.0,2420.668684413982,10567.682101638393,7
0.18000000000000002,16,608,-16.0,1978.2637965242084,11614.386419337861,7
0.19000000000000003,17,544,-17.0,2204.96830544444,12653.398526881281,7
0.17,18,640,-18.0,2130.850152864525,13777.809999857165,7
0.20000000000000004,19,672,-19.0,2751.0025648421292,14824.512455772649,7
0.21000000000000005,20,704,-20.0,3112.947487651943,15863.018051011097,7
0.22000000000000006,21,544,-21.0,3441.259304248152,16893.03926597472,7
0.17,22,672,-22.0,2972.711335205668,18080.669101087246,7
0.21000000000000005,23,480,-23.0,3777.3055171575274,19183.46049900113,7
0.15,24,288,-24.0,2808.5638661853864,20463.980384739527,7
0.09,25,64,-25.0,1841.6881080249468,21947.946018602244,7
0.02,26,32,-26.0,438.08730588042704,23680.411668289227,7
0.01,27,96,-27.0,234.9202672512103,25450.780478510504,7
0.03,28,32,-28.0,769.3357396075528,27152.860344450386,7
0.01,29,64,-29.0,321.90277561316714,28933.332819555562,7
0.02,30,32,-30.0,593.3215511549595,30683.66441343527,7
0.01,31,32,-31.0,328.7640762692707,32478.202451738838,7
0.01,32,32,-32.0,308.8572355995813,34280.60057824173,7
0.01,33,32,-33.0,332.1883563074135,36091.56864821322,7
0.01,34,0,-34.0,352.26774521102925,37911.672155541404,7
0.0,35,0,-35.0,0.0,39778.70258841971,7
0.0,36,0,-36.0,0.0,41655.00003412409,7
0.0,37,0,-37.0,0.0,43540.940075190556,7
0.0,38,0,-38.0,0.0,45436.82412748201,7
0.0,39,0,-39.0,0.0,47342.89288400334,7
0.0,40,0,-40.0,0.0,49259.33700664821,7
0.0,41,0,-41.0,0.0,51186.30570605748,7
0.0,42,0,-42.0,0.0,53123.91368293589,7
0.0,43,0,-43.0,0.0,55072.24678530579,7
0.0,44,0,-44.0,0.0,57031.36665026539,7
0.0,45,0,-45.0,0.0,59001.314535903606,7
0.0,46,0,-46.0,0.0,60982.11450239687,7
0.0,47,0,-47.0,0.0,62973.77606636914,7
0.0,48,0,-48.0,0.0,64976.296426141555,7
0.0,49,0,-49.0,0.0,66989.66233528005,7
0.0,50,0,-50.0,0.0,69013.851686259,7
0.0,51,0,-51.0,0.0,71048.83485394037,7
0.0,52,0,-52.0,0.0,73094.57583907628,7
0.0,53,0,-53.0,0.0,75151.03324455173,7
0.0,54,0,-54.0,0.0,77218.16111113792,7
0.0,55,0,-55.0,0.0,79295.90963477224,7
0.0,56,0,-56.0,0.0,81384.225783557,7
0.0,57,0,-57.0,0.0,83483.05382958268,7
0.0,58,0,-58.0,0.0,85592.33580816623,7
0.0,59,0,-59.0,0.0,87712.01191504575,7
0.0,60,0,-60.0,0.0,89842.02085038977,7
0.0,61,0,-61.0,0.0,91982.30011709065,7
0.0,62,0,-62.0,0.0,94132.78627966382,7
0.0,63,0,-63.0,0.0,96293.41518912,7
0.0,64,0,-64.0,0.0,98464.12217838081,7
0.0,65,0,-65.0,0.0,100644.84223214153,7
0.0,66,0,-66.0,0.0,102835.51013452491,7
0.0,67,0,-67.0,0.0,105036.0605973962,7
0.0,68,0,-68.0,0.0,107246.42837181233,7
0.0,69,0,-69.0,0.0,109466.54834473753,7
0.0,70,0,-70.0,0.0,111696.35562287021,7
0.0,71,0,-71.0,0.0,113935.78560518035,7
0.0,72,0,-72.0,0.0,116184.77404554593,7
0.0,73,0,-73.0,0.0,118443.25710669708,7
0.0,74,0,-74.0,0.0,120711.17140652164,7
0.0,75,0,-75.0,0.0,122988.45405765214,7
0.0,76,0,-76.0,0.0,125275.04270113954,7
0.0,77,0,-77.0,0.0,127570.87553491919,7
0.0,78,0,-78.0,0.0,129875.89133768708,7
0.0,79,0,-79.0,0.0,132190.0294887318,7
0.0,80,0,-80.0,0.0,134513.22998419937,7
0.0,81,0,-81.0,0.0,136845.43345021454,7
0.0,82,0,-82.0,0.0,139186.5811532274,7
0.0,83,0,-83.0,0.0,141536.61500791818,7
0.0,84,0,-84.0,0.0,143895.47758294654,7
0.0,85,0,-85.0,0.0,146263.11210480466,7
0.0,86,0,-86.0,0.0,148639.4624600011,7
0.0,87,0,-87.0,0.0,151024.47319577742,7
0.0,88,0,-88.0,0.0,153418.0895195362,7
0.0,89,0,-89.0,0.0,155820.2572971392,7
0.0,90,0,-90.0,0.0,158230.9230502172,7
0.0,91,0,-91.0,0.0,160650.03395261746,7
0.0,92,0,-92.0,0.0,163077.53782609865,7
0.0,93,0,-93.0,0.0,165513.38313537394,7
0.0,94,0,-94.0,0.0,167957.51898258977,7
0.0,95,0,-95.0,0.0,170409.89510131994,7
0.0,96,0,-96.0,0.0,172870.4618501426,7
0.0,97,0,-97.0,0.0,175339.1702058654,7
0.0,98,0,-98.0,0.0,177815.9717564521,7
0.0,99,0,-99.0,0.0,180300.81869370048,7
0.0,100,0,-100.0,0.0,182793.66380571495,7
0.0,101,0,-101.0,0.0,185294.4604692152,7
0.0,102,0,-102.0,0.0,187803.16264171188,7
0.0,103,0,-103.0,0.0,190319.72485358338,7
0.0,104,0,-104.0,0.0,192844.10220007924,7
0.0,105,0,-105.0,0.0,195376.25033327524,7
0.0,106,0,-106.0,0.0,197916.1254540013,7
0.0,107,0,-107.0,0.0,200463.68430376134,7
0.0,108,0,-108.0,0.0,203018.88415666294,7
0.0,109,0,-109.0,0.0,205581.6828113685,7
0.0,110,0,-110.0,0.0,208152.03858308544,7
0.0,111,0,-111.0,0.0,210729.91029560284,7
0.0,112,0,-112.0,0.0,213315.25727338705,7
0.0,113,0,-113.0,0.0,215908.03933374438,7
0.0,114,0,-114.0,0.0,218508.2167790572,7
0.0,115,0,-115.0,0.0,221115.75038910122,7
0.0,116,0,-116.0,0.0,223730.60141345087,7
0.0,117,0,-117.0,0.0,226352.73156397452,7
0.0,118,0,-118.0,0.0,228982.1030074255,7
0.0,119,0,-119.0,0.0,231618.67835813214,7
0.0,120,0,-120.0,0.0,234262.42067078935,7
0.0,121,0,-121.0,0.0,236913.2934333554,7
0.0,122,0,-122.0,0.0,239571.26056005148,7
0.0,123,0,-123.0,0.0,242236.2863844719,7
0.0,124,0,-124.0,0.0,244908.33565279955,7
0.0,125,0,-125.0,0.0,247587.3735171318,7
0.0,126,0,-126.0,0.0,250273.36552891496,7
0.0,127,0,-127.0,0.0,252966.27763248768,7
0.0,128,0,-128.0,0.0,255666.0761587344,7
0.0,129,0,-129.0,0.0,258372.7278188465,7
0.0,130,0,-130.0,0.0,261086.19969819134,7
0.0,131,0,-131.0,0.0,263806.4592502912,7
0.0,132,0,-132.0,0.0,266533.47429090546,7
0.0,133,0,-133.0,0.0,269267.212992221,7
0.0,134,0,-134.0,0.0,272007.64387714665,7
0.0,135,0,-135.0,0.0,274754.73581370997,7
0.0,136,0,-136.0,0.0,277508.458009558,7
0.0,137,0,-137.0,0.0,280268.7800065576,7
0.0,138,0,-138.0,0.0,283035.6716754966,7
0.0,139,0,-139.0,0.0,285809.10321088013,7
0.0,140,0,-140.0,0.0,288589.0451258285,7
0.0,141,0,-141.0,0.0,291375.46824706503,7
0.0,142,0,-142.0,0.0,294168.34371000115,7
0.0,143,0,-143.0,0.0,296967.6429539126,7
0.0,144,0,-144.0,0.0,299773.3377172045,7
0.0,145,0,-145.0,0.0,302585.4000327676,7
0.0,146,0,-146.0,0.0,305403.8022234222,7
0.0,147,0,-147.0,0.0,308228.51689744374,7
0.0,148,0,-148.0,0.0,311059.51694417885,7
0.0,149,0,-149.0,0.0,313896.7755297396,7
0.0,150,0,-150.0,0.0,316740.2660927796,7
0.0,151,0,-151.0,0.0,319589.9623403511,7
0.0,152,0,-152.0,0.0,322445.8382438388,7
0.0,153,0,-153.0,0.0,325307.8680349719,7
0.0,154,0,-154.0,0.0,328176.02620190795,7
0.0,155,0,-155.0,0.0,331050.2874853941,7
0.0,156,0,-156.0,0.0,333930.6268749977,7
0.0,157,0,-157.0,0.0,336817.0196054089,7
0.0,158,0,-158.0,0.0,339709.4411528118,7
0.0,159,0,-159.0,0.0,342607.8672313237,7
0.0,160,0,-160.0,0.0,345512.27378950064,7
0.0,161,0,-161.0,0.0,348422.6370069078,7
0.0,162,0,-162.0,0.0,351338.93329075526,7
0.0,163,0,-163.0,0.0,354261.13927259296,7
0.0,164,0,-164.0,0.0,357189.23180506984,7
0.0,165,0,-165.0,0.0,360123.1879587517,7
0.0,166,0,-166.0,0.0,363062.98501899675,7
0.0,167,0,-167.0,0.0,366008.60048289027,7
0.0,168,0,-168.0,0.0,368960.0120562348,7
0.0,169,0,-169.0,0.0,371917.19765059435,7
0.0,170,0,-170.0,0.0,374880.1353803936,7
0.0,171,0,-171.0,0.0,377848.8035600706,7
0.0,172,0,-172.0,0.0,380823.180701279,7
0.0,173,0,-173.0,0.0,383803.2455101427,7
0.0,174,0,-174.0,0.0,386788.9768845586,7
0.0,175,0,-175.0,0.0,389780.35391154926,7
0.0,176,0,-176.0,0.0,392777.3558646618,7
0.0,177,0,-177.0,0.0,395779.9622014144,7
0.0,178,0,-178.0,0.0,398788.15256078664,7
0.0,179,0,-179.0,0.0,401801.9067607573,7
0.0,180,0,-180.0,0.0,404821.2047958814,7
0.0,181,0,-181.0,0.0,407846.0268349149,7
0.0,182,0,-182.0,0.0,410876.3532184772,7
0.0,183,0,-183.0,0.0,413912.1644567572,7
0.0,184,0,-184.0,0.0,416953.4412272581,7
0.0,185,0,-185.0,0.0,420000.1643725818,7
0.0,186,0,-186.0,0.0,423052.3148982523,7
0.0,187,0,-187.0,0.0,426109.87397057546,7
0.0,188,0,-188.0,0.0,429172.82291453815,7
0.0,189,0,-189.0,0.0,432241.14321174,7
0.0,190,0,-190.0,0.0,435314.8164983637,7
0.0,191,0,-191.0,0.0,438393.82456317876,7
0.0,192,0,-192.0,0.0,441478.14934557845,7
0.0,193,0,-193.0,0.0,444567.7729336508,7
0.0,194,0,-194.0,0.0,447662.6775622841,7
0.0,195,0,-195.0,0.0,450762.8456112999,7
0.0,196,0,-196.0,0.0,453868.25960362074,7
0.0,197,0,-197.0,0.0,456978.9022034677,7
0.0,198,0,-198.0,0.0,460094.7562145889,7
0.0,199,0,-199.0,0.0,463215.8045785138,7
0.0,200,0,-200.0,0.0,466342.0303728416,7
0.0,201,0,-201.0,0.0,469473.4168095542,7
0.0,202,0,-202.0,0.0,472609.9472333577,7
0.0,203,0,-203.0,0.0,475751.6051200515,7
0.0,204,0,-204.0,0.0,478898.3740749223,7
0.0,205,0,-205.0,0.0,482050.2378311699,7
0.0,206,0,-206.0,0.0,485207.1802483487,7
0.0,207,0,-207.0,0.0,488369.18531084515,7
0.0,208,0,-208.0,0.0,491536.2371263686,7
0.0,209,0,-209.0,0.0,494708.3199244793,7
0.0,210,0,-210.0,0.0,497885.418055126,7
0.0,211,0,-211.0,0.0,501067.51598721795,7
0.0,212,0,-212.0,0.0,504254.59830721345,7
0.0,213,0,-213.0,0.0,507446.6497177328,7
0.0,214,0,-214.0,0.0,510643.6550361919,7
0.0,215,0,-215.0,0.0,513845.59919346,7
0.0,216,0,-216.0,0.0,517052.46723253437,7
0.0,217,0,-217.0,0.0,520264.2443072391,7
0.0,218,0,-218.0,0.0,523480.9156809418,7
0.0,219,0,-219.0,0.0,526702.466725292,7
0.0,220,0,-220.0,0.0,529928.8829189772,7
0.0,221,0,-221.0,0.0,533160.1498464994,7
0.0,222,0,-222.0,0.0,536396.253196969,7
0.0,223,0,-223.0,0.0,539637.1787629196,7
0.0,224,0,-224.0,0.0,542882.9124391369,7
0.0,225,0,-225.0,0.0,546133.4402215091,7
0.0,226,0,-226.0,0.0,549388.7482058917,7
0.0,227,0,-227.0,0.0,552648.8225869926,7
0.0,228,0,-228.0,0.0,555913.6496572695,7
0.0,229,0,-229.0,0.0,559183.2158058484,7
0.0,230,0,-230.0,0.0,562457.5075174547,7
0.0,231,0,-231.0,0.0,565736.5113713618,7
0.0,232,0,-232.0,0.0,569020.2140403551,7
0.0,233,0,-233.0,0.0,572308.6022897104,7
0.0,234,0,-234.0,0.0,575601.6629761885,7
0.0,235,0,-235.0,0.0,578899.3830470433,7
0.0,236,0,-236.0,0.0,582201.7495390456,7
0.0,237,0,-237.0,0.0,585508.7495775191,7
0.0,238,0,-238.0,0.0,588820.3703753931,7
0.0,239,0,-239.0,0.0,592136.5992322654,7
0.0,240,0,-240.0,0.0,595457.4235334826,7
0.0,241,0,-241.0,0.0,598782.8307492303,7
0.0,242,0,-242.0,0.0,602112.808433638,7
0.0,243,0,-243.0,0.0,605447.3442238955,7
0.0,244,0,-244.0,0.0,608786.4258393827,7
0.0,245,0,-245.0,0.0,612130.0410808125,7
0.0,246,0,-246.0,0.0,615478.1778293833,7
0.0,247,0,-247.0,0.0,618830.8240459459,7
0.0,248,0,-248.0,0.0,622187.9677701795,7
0.0,249,0,-249.0,0.0,625549.5971197819,7
0.0,250,0,-250.0,0.0,628915.70028967,7
0.0,251,0,-251.0,0.0,632286.265551189,7
0.0,252,0,-252.0,0.0,635661.281251336,7
0.0,253,0,-253.0,0.0,639040.735811992,7
0.0,254,0,-254.0,0.0,642424.617729166,7
0.0,255,0,-255.0,0.0,645812.9155722475,7
