honest_proportion,round,total_honest_effective_balance,alpha,sum_balance_honest,sum_balance_all,initial_honest_ratio
0.0,0,0,1,0.0,3010.990357388832,0.0
0.0,1,0,1,0.0,2822.1662369905453,0.0
0.0,2,0,1,0.0,2633.3535006119064,0.0
0.0,3,0,1,0.0,2444.3342836657816,0.0
0.0,4,0,1,0.0,2254.832658256508,0.0
0.0,5,0,1,0.0,2064.4939175533345,0.0
0.0,6,0,1,0.0,1872.8536893735138,0.0
0.0,7,0,1,0.0,1679.2901169398463,0.0
0.0,8,0,1,0.0,1482.9463304046435,0.0
0.0,9,0,1,0.0,1282.6849226574582,0.0
0.0,10,0,1,0.0,1076.498008033471,0.0
0.0,11,0,1,0.0,861.5103899656439,0.0
0.0,12,0,1,0.0,632.4590422249087,0.0
0.0,13,0,1,0.0,378.28128178182345,0.0
0.0,14,0,1,0.0,66.80082414146516,0.0
0.0,15,0,1,0.0,-634.3646981355638,0.0
0.0,16,0,1,0.0,,0.0
0.0,17,0,1,0.0,,0.0
0.0,18,0,1,0.0,,0.0
0.0,19,0,1,0.0,,0.0
0.0,20,0,1,0.0,,0.0
0.0,21,0,1,0.0,,0.0
0.0,22,0,1,0.0,,0.0
0.0,23,0,1,0.0,,0.0
0.0,24,0,1,0.0,,0.0
0.0,25,0,1,0.0,,0.0
0.0,26,0,1,0.0,,0.0
0.0,27,0,1,0.0,,0.0
0.0,28,0,1,0.0,,0.0
0.0,29,0,1,0.0,,0.0
0.0,30,0,1,0.0,,0.0
0.0,31,0,1,0.0,,0.0
0.0,32,0,1,0.0,,0.0
0.0,33,0,1,0.0,,0.0
0.0,34,0,1,0.0,,0.0
0.0,35,0,1,0.0,,0.0
0.0,36,0,1,0.0,,0.0
0.0,37,0,1,0.0,,0.0
0.0,38,0,1,0.0,,0.0
0.0,39,0,1,0.0,,0.0
0.0,40,0,1,0.0,,0.0
0.0,41,0,1,0.0,,0.0
0.0,42,0,1,0.0,,0.0
0.0,43,0,1,0.0,,0.0
0.0,44,0,1,0.0,,0.0
0.0,45,0,1,0.0,,0.0
0.0,46,0,1,0.0,,0.0
0.0,47,0,1,0.0,,0.0
0.0,48,0,1,0.0,,0.0
0.0,49,0,1,0.0,,0.0
0.0,50,0,1,0.0,,0.0
0.0,51,0,1,0.0,,0.0
0.0,52,0,1,0.0,,0.0
0.0,53,0,1,0.0,,0.0
0.0,54,0,1,0.0,,0.0
0.0,55,0,1,0.0,,0.0
0.0,56,0,1,0.0,,0.0
0.0,57,0,1,0.0,,0.0
0.0,58,0,1,0.0,,0.0
0.0,59,0,1,0.0,,0.0
0.0,60,0,1,0.0,,0.0
0.0,61,0,1,0.0,,0.0
0.0,62,0,1,0.0,,0.0
0.0,63,0,1,0.0,,0.0
0.0,64,0,1,0.0,,0.0
0.0,65,0,1,0.0,,0.0
0.0,66,0,1,0.0,,0.0
0.0,67,0,1,0.0,,0.0
0.0,68,0,1,0.0,,0.0
0.0,69,0,1,0.0,,0.0
0.0,70,0,1,0.0,,0.0
0.0,71,0,1,0.0,,0.0
0.0,72,0,1,0.0,,0.0
0.0,73,0,1,0.0,,0.0
0.0,74,0,1,0.0,,0.0
0.0,75,0,1,0.0,,0.0
0.0,76,0,1,0.0,,0.0
0.0,77,0,1,0.0,,0.0
0.0,78,0,1,0.0,,0.0
0.0,79,0,1,0.0,,0.0
0.0,80,0,1,0.0,,0.0
0.0,81,0,1,0.0,,0.0
0.0,82,0,1,0.0,,0.0
0.0,83,0,1,0.0,,0.0
0.0,84,0,1,0.0,,0.0
0.0,85,0,1,0.0,,0.0
0.0,86,0,1,0.0,,0.0
0.0,87,0,1,0.0,,0.0
0.0,88,0,1,0.0,,0.0
0.0,89,0,1,0.0,,0.0
0.0,90,0,1,0.0,,0.0
0.0,91,0,1,0.0,,0.0
0.0,92,0,1,0.0,,0.0
0.0,93,0,1,0.0,,0.0
0.0,94,0,1,0.0,,0.0
0.0,95,0,1,0.0,,0.0
0.0,96,0,1,0.0,,0.0
0.0,97,0,1,0.0,,0.0
0.0,98,0,1,0.0,,0.0
0.0,99,0,1,0.0,,0.0
0.0,100,0,1,0.0,,0.0
0.0,101,0,1,0.0,,0.0
0.0,102,0,1,0.0,,0.0
0.0,103,0,1,0.0,,0.0
0.0,104,0,1,0.0,,0.0
0.0,105,0,1,0.0,,0.0
0.0,106,0,1,0.0,,0.0
0.0,107,0,1,0.0,,0.0
0.0,108,0,1,0.0,,0.0
0.0,109,0,1,0.0,,0.0
0.0,110,0,1,0.0,,0.0
0.0,111,0,1,0.0,,0.0
0.0,112,0,1,0.0,,0.0
0.0,113,0,1,0.0,,0.0
0.0,114,0,1,0.0,,0.0
0.0,115,0,1,0.0,,0.0
0.0,116,0,1,0.0,,0.0
0.0,117,0,1,0.0,,0.0
0.0,118,0,1,0.0,,0.0
0.0,119,0,1,0.0,,0.0
0.0,120,0,1,0.0,,0.0
0.0,121,0,1,0.0,,0.0
0.0,122,0,1,0.0,,0.0
0.0,123,0,1,0.0,,0.0
0.0,124,0,1,0.0,,0.0
0.0,125,0,1,0.0,,0.0
0.0,126,0,1,0.0,,0.0
0.0,127,0,1,0.0,,0.0
0.11999999999999998,0,344,1,384.0,3053.8325430473637,0.1111111111111111
0.10999999999999999,1,211,1,338.55931430320607,2905.0079792909196,0.1111111111111111
0.07,2,204,1,202.0700500448239,2742.9403545175496,0.1111111111111111
0.07,3,229,1,189.78249387264253,2581.127765046885,0.1111111111111111
0.08,4,138,1,209.09313091228285,2423.2644351319027,0.1111111111111111
0.05,5,162,1,122.14804350110722,2254.9623535004944,0.1111111111111111
0.060000000000000005,6,76,1,138.9194975584044,2090.212493144428,0.1111111111111111
0.03,7,73,1,61.14356119285486,1913.918164870214,0.1111111111111111
0.03,8,23,1,55.76077518855128,1736.7174264476837,0.1111111111111111
0.01,9,22,1,16.3569107319581,1550.3082241605757,0.1111111111111111
0.01,10,21,1,14.512862709332977,1361.24148550722,0.1111111111111111
0.01,11,0,1,12.645955954228011,1168.1653560844181,0.1111111111111111
0.0,12,0,1,0.0,965.0438501670437,0.1111111111111111
0.0,13,0,1,0.0,752.4302315601456,0.1111111111111111
0.0,14,0,1,0.0,523.5788159956044,0.1111111111111111
0.0,15,0,1,0.0,263.6893672662548,0.1111111111111111
0.0,16,0,1,0.0,-82.15506633975303,0.1111111111111111
0.0,17,0,1,0.0,,0.1111111111111111
0.0,18,0,1,0.0,,0.1111111111111111
0.0,19,0,1,0.0,,0.1111111111111111
0.0,20,0,1,0.0,,0.1111111111111111
0.0,21,0,1,0.0,,0.1111111111111111
0.0,22,0,1,0.0,,0.1111111111111111
0.0,23,0,1,0.0,,0.1111111111111111
0.0,24,0,1,0.0,,0.1111111111111111
0.0,25,0,1,0.0,,0.1111111111111111
0.0,26,0,1,0.0,,0.1111111111111111
0.0,27,0,1,0.0,,0.1111111111111111
0.0,28,0,1,0.0,,0.1111111111111111
0.0,29,0,1,0.0,,0.1111111111111111
0.0,30,0,1,0.0,,0.1111111111111111
0.0,31,0,1,0.0,,0.1111111111111111
0.0,32,0,1,0.0,,0.1111111111111111
0.0,33,0,1,0.0,,0.1111111111111111
0.0,34,0,1,0.0,,0.1111111111111111
0.0,35,0,1,0.0,,0.1111111111111111
0.0,36,0,1,0.0,,0.1111111111111111
0.0,37,0,1,0.0,,0.1111111111111111
0.0,38,0,1,0.0,,0.1111111111111111
0.0,39,0,1,0.0,,0.1111111111111111
0.0,40,0,1,0.0,,0.1111111111111111
0.0,41,0,1,0.0,,0.1111111111111111
0.0,42,0,1,0.0,,0.1111111111111111
0.0,43,0,1,0.0,,0.1111111111111111
0.0,44,0,1,0.0,,0.1111111111111111
0.0,45,0,1,0.0,,0.1111111111111111
0.0,46,0,1,0.0,,0.1111111111111111
0.0,47,0,1,0.0,,0.1111111111111111
0.0,48,0,1,0.0,,0.1111111111111111
0.0,49,0,1,0.0,,0.1111111111111111
0.0,50,0,1,0.0,,0.1111111111111111
0.0,51,0,1,0.0,,0.1111111111111111
0.0,52,0,1,0.0,,0.1111111111111111
0.0,53,0,1,0.0,,0.1111111111111111
0.0,54,0,1,0.0,,0.1111111111111111
0.0,55,0,1,0.0,,0.1111111111111111
0.0,56,0,1,0.0,,0.1111111111111111
0.0,57,0,1,0.0,,0.1111111111111111
0.0,58,0,1,0.0,,0.1111111111111111
0.0,59,0,1,0.0,,0.1111111111111111
0.0,60,0,1,0.0,,0.1111111111111111
0.0,61,0,1,0.0,,0.1111111111111111
0.0,62,0,1,0.0,,0.1111111111111111
0.0,63,0,1,0.0,,0.1111111111111111
0.0,64,0,1,0.0,,0.1111111111111111
0.0,65,0,1,0.0,,0.1111111111111111
0.0,66,0,1,0.0,,0.1111111111111111
0.0,67,0,1,0.0,,0.1111111111111111
0.0,68,0,1,0.0,,0.1111111111111111
0.0,69,0,1,0.0,,0.1111111111111111
0.0,70,0,1,0.0,,0.1111111111111111
0.0,71,0,1,0.0,,0.1111111111111111
0.0,72,0,1,0.0,,0.1111111111111111
0.0,73,0,1,0.0,,0.1111111111111111
0.0,74,0,1,0.0,,0.1111111111111111
0.0,75,0,1,0.0,,0.1111111111111111
0.0,76,0,1,0.0,,0.1111111111111111
0.0,77,0,1,0.0,,0.1111111111111111
0.0,78,0,1,0.0,,0.1111111111111111
0.0,79,0,1,0.0,,0.1111111111111111
0.0,80,0,1,0.0,,0.1111111111111111
0.0,81,0,1,0.0,,0.1111111111111111
0.0,82,0,1,0.0,,0.1111111111111111
0.0,83,0,1,0.0,,0.1111111111111111
0.0,84,0,1,0.0,,0.1111111111111111
0.0,85,0,1,0.0,,0.1111111111111111
0.0,86,0,1,0.0,,0.1111111111111111
0.0,87,0,1,0.0,,0.1111111111111111
0.0,88,0,1,0.0,,0.1111111111111111
0.0,89,0,1,0.0,,0.1111111111111111
0.0,90,0,1,0.0,,0.1111111111111111
0.0,91,0,1,0.0,,0.1111111111111111
0.0,92,0,1,0.0,,0.1111111111111111
0.0,93,0,1,0.0,,0.1111111111111111
0.0,94,0,1,0.0,,0.1111111111111111
0.0,95,0,1,0.0,,0.1111111111111111
0.0,96,0,1,0.0,,0.1111111111111111
0.0,97,0,1,0.0,,0.1111111111111111
0.0,98,0,1,0.0,,0.1111111111111111
0.0,99,0,1,0.0,,0.1111111111111111
0.0,100,0,1,0.0,,0.1111111111111111
0.0,101,0,1,0.0,,0.1111111111111111
0.0,102,0,1,0.0,,0.1111111111111111
0.0,103,0,1,0.0,,0.1111111111111111
0.0,104,0,1,0.0,,0.1111111111111111
0.0,105,0,1,0.0,,0.1111111111111111
0.0,106,0,1,0.0,,0.1111111111111111
0.0,107,0,1,0.0,,0.1111111111111111
0.0,108,0,1,0.0,,0.1111111111111111
0.0,109,0,1,0.0,,0.1111111111111111
0.0,110,0,1,0.0,,0.1111111111111111
0.0,111,0,1,0.0,,0.1111111111111111
0.0,112,0,1,0.0,,0.1111111111111111
0.0,113,0,1,0.0,,0.1111111111111111
0.0,114,0,1,0.0,,0.1111111111111111
0.0,115,0,1,0.0,,0.1111111111111111
0.0,116,0,1,0.0,,0.1111111111111111
0.0,117,0,1,0.0,,0.1111111111111111
0.0,118,0,1,0.0,,0.1111111111111111
0.0,119,0,1,0.0,,0.1111111111111111
0.0,120,0,1,0.0,,0.1111111111111111
0.0,121,0,1,0.0,,0.1111111111111111
0.0,122,0,1,0.0,,0.1111111111111111
0.0,123,0,1,0.0,,0.1111111111111111
0.0,124,0,1,0.0,,0.1111111111111111
0.0,125,0,1,0.0,,0.1111111111111111
0.0,126,0,1,0.0,,0.1111111111111111
0.0,127,0,1,0.0,,0.1111111111111111
0.23000000000000007,0,716,1,736.0,3088.274300145396,0.2222222222222222
0.23000000000000007,1,854,1,706.5985000382634,2977.1175731820213,0.2222222222222222
0.2800000000000001,2,592,1,834.3784811582586,2880.786854606224,0.2222222222222222
0.20000000000000004,3,517,1,571.4363742543406,2762.2690803355827,0.2222222222222222
0.18000000000000002,4,451,1,490.91829327172803,2638.4202367260395,0.2222222222222222
0.16,5,473,1,422.24124446457984,2507.8344773636845,0.2222222222222222
0.17,6,478,1,438.2147783715951,2382.926217455461,0.2222222222222222
0.18000000000000002,7,721,1,430.144463610476,2261.1488423025266,0.2222222222222222
0.2800000000000001,8,847,1,634.5233239467767,2167.937978641759,0.2222222222222222
0.34000000000000014,9,787,1,732.6600511450828,2090.1495807106603,0.2222222222222222
0.3200000000000001,10,758,1,677.8597260918262,2008.6768024836117,0.2222222222222222
0.3200000000000001,11,787,1,642.7050199553529,1927.5140205681455,0.2222222222222222
0.34000000000000014,12,878,1,659.9884176105265,1851.8661716298034,0.2222222222222222
0.3900000000000002,13,901,1,730.2687481897862,1788.0464886480306,0.2222222222222222
0.4100000000000002,14,963,1,744.8696321115821,1728.05276562328,0.2222222222222222
0.46000000000000024,15,947,1,784.0797686400105,1677.5030933164574,0.2222222222222222
0.46000000000000024,16,836,1,768.7014641999675,1627.8883510654803,0.2222222222222222
0.4100000000000002,17,942,1,678.9677918572191,1571.0337050135192,0.2222222222222222
0.49000000000000027,18,1038,1,757.5731276452101,1527.2601585269122,0.2222222222222222
0.5400000000000003,19,928,1,885.5089708053212,1574.9918396373932,0.2222222222222222
0.49000000000000027,20,938,1,772.0802845598754,1532.8780785349563,0.2222222222222222
0.5100000000000002,21,1032,1,819.9269435782851,1573.0735481507572,0.2222222222222222
0.5600000000000003,22,1177,1,929.8211989751736,1621.601621008909,0.2222222222222222
0.6400000000000003,23,1390,1,1091.4375609090416,1683.9124019001738,0.2222222222222222
0.7500000000000004,24,1448,1,1351.4369144891693,1768.6027883662553,0.2222222222222222
0.7800000000000005,25,1615,1,1467.619661320631,1857.9634232487542,0.2222222222222222
0.8500000000000005,26,1673,1,1703.3390344764007,1964.3142406125276,0.2222222222222222
0.8700000000000006,27,1775,1,1808.1058625186065,2074.135078209906,0.2222222222222222
0.9000000000000006,28,1770,1,1977.3751271710262,2191.156371222825,0.2222222222222222
0.8800000000000006,29,1834,1,2029.4801039135793,2302.5950271467755,0.2222222222222222
0.9000000000000006,30,1868,1,2169.4441945084595,2417.7176332235185,0.2222222222222222
0.8900000000000006,31,1915,1,2262.197638618312,2530.6344678336263,0.2222222222222222
0.8800000000000006,32,1936,1,2357.841647068383,2642.940475975698,0.2222222222222222
0.8800000000000006,33,2137,1,2439.5373901439966,2753.9984693606116,0.2222222222222222
0.9500000000000006,34,2118,1,2746.7283805839024,2883.104188384699,0.2222222222222222
0.9300000000000006,35,2138,1,2788.387601231948,3006.0169529992004,0.2222222222222222
0.9100000000000006,36,2149,1,2868.1534810519656,3125.017701260565,0.2222222222222222
0.9100000000000006,37,2159,1,2957.2426699389885,3242.288222535402,0.2222222222222222
0.9000000000000006,38,2212,1,3029.871970593531,3356.6867088590993,0.2222222222222222
0.9000000000000006,39,2300,1,3169.0906575336953,3471.942231421907,0.2222222222222222
0.9300000000000006,40,2334,1,3379.74009223596,3593.6883782492923,0.2222222222222222
0.9600000000000006,41,2333,1,3563.231671944165,3718.3617166043805,0.2222222222222222
0.9500000000000006,42,2269,1,3659.0048313793386,3839.597839214663,0.2222222222222222
0.9300000000000006,43,2275,1,3682.576023847292,3953.1510035597416,0.2222222222222222
0.9200000000000006,44,2220,1,3772.2031000154357,4064.827453565342,0.2222222222222222
0.9100000000000006,45,2205,1,3783.816246338382,4171.030517883344,0.2222222222222222
0.9100000000000006,46,2205,1,3876.082300783882,4275.199978353216,0.2222222222222222
0.9000000000000006,47,2171,1,3951.8553869474595,4376.368230147124,0.2222222222222222
0.8900000000000006,48,2131,1,3982.848990576185,4474.324348046676,0.2222222222222222
0.8700000000000006,49,2139,1,3998.5504226503663,4566.671076764057,0.2222222222222222
0.8900000000000006,50,2068,1,4101.100772768719,4660.536256592769,0.2222222222222222
0.8400000000000005,51,2155,1,4010.589051858707,4745.282987131804,0.2222222222222222
0.8800000000000006,52,2110,1,4257.866142615211,4837.019895562899,0.2222222222222222
0.8700000000000006,53,2159,1,4259.703798203398,4925.453843705834,0.2222222222222222
0.9000000000000006,54,2025,1,4457.3105263807065,5017.716838003351,0.2222222222222222
0.8300000000000005,55,1947,1,4217.278817885557,5096.9531526868595,0.2222222222222222
0.7900000000000005,56,2173,1,4134.368819887299,5168.648030526192,0.2222222222222222
0.8800000000000006,57,2213,1,4673.904824166207,5257.291187938335,0.2222222222222222
0.8900000000000006,58,2235,1,4806.399879020025,5348.1343117118195,0.2222222222222222
0.9100000000000006,59,2202,1,4967.053634394411,5441.352740148405,0.2222222222222222
0.9000000000000006,60,2222,1,4978.912316206916,5530.903718909756,0.2222222222222222
0.9100000000000006,61,2270,1,5109.076151176835,5621.539638566119,0.2222222222222222
0.9300000000000006,62,2303,1,5310.783541712504,5715.427221672998,0.2222222222222222
0.9400000000000006,63,2296,1,5460.276383518526,5811.49844902791,0.2222222222222222
0.9300000000000006,64,2364,1,5522.017889585013,5905.400370198648,0.2222222222222222
0.9600000000000006,65,2381,1,5788.676482082993,6004.4964878821975,0.2222222222222222
0.9700000000000006,66,2337,1,5930.372078890057,6103.937569265749,0.2222222222222222
0.9500000000000006,67,2334,1,5931.649525924775,6198.726052894523,0.2222222222222222
0.9600000000000006,68,2399,1,6030.868325724818,6294.214559143883,0.2222222222222222
0.9800000000000006,69,2430,1,6273.337685347991,6393.091789981713,0.2222222222222222
0.9900000000000007,70,2415,1,6444.792703041094,6494.103117784298,0.2222222222222222
0.9900000000000007,71,2429,1,6516.390017953564,6593.597898785319,0.2222222222222222
0.9900000000000007,72,2383,1,6635.8067580143825,6693.020384422882,0.2222222222222222
0.9800000000000006,73,2447,1,6617.226714137468,6788.741849900783,0.2222222222222222
1.0000000000000007,74,2447,1,6888.451996040065,6888.451996040065,0.2222222222222222
1.0000000000000007,75,2447,1,6987.403220945096,6987.403220945096,0.2222222222222222
1.0000000000000007,76,2447,1,7085.651305000357,7085.651305000357,0.2222222222222222
1.0000000000000007,77,2447,1,7182.669396188315,7182.669396188315,0.2222222222222222
1.0000000000000007,78,2447,1,7279.606727941934,7279.606727941934,0.2222222222222222
1.0000000000000007,79,2447,1,7375.8627775203,7375.8627775203,0.2222222222222222
1.0000000000000007,80,2447,1,7470.953073601117,7470.953073601117,0.2222222222222222
1.0000000000000007,81,2447,1,7565.436277048369,7565.436277048369,0.2222222222222222
1.0000000000000007,82,2447,1,7659.856496173657,7659.856496173657,0.2222222222222222
1.0000000000000007,83,2447,1,7753.167378738878,7753.167378738878,0.2222222222222222
1.0000000000000007,84,2447,1,7846.404821266268,7846.404821266268,0.2222222222222222
1.0000000000000007,85,2447,1,7939.054189694044,7939.054189694044,0.2222222222222222
1.0000000000000007,86,2447,1,8030.709626331217,8030.709626331217,0.2222222222222222
1.0000000000000007,87,2447,1,8122.353836216051,8122.353836216051,0.2222222222222222
1.0000000000000007,88,2447,1,8213.447669940377,8213.447669940377,0.2222222222222222
1.0000000000000007,89,2447,1,8303.55909681614,8303.55909681614,0.2222222222222222
1.0000000000000007,90,2447,1,8393.180238769848,8393.180238769848,0.2222222222222222
1.0000000000000007,91,2447,1,8482.321615897232,8482.321615897232,0.2222222222222222
1.0000000000000007,92,2447,1,8570.993359080654,8570.993359080654,0.2222222222222222
1.0000000000000007,93,2447,1,8659.20523025488,8659.20523025488,0.2222222222222222
1.0000000000000007,94,2447,1,8747.491869180772,8747.491869180772,0.2222222222222222
1.0000000000000007,95,2447,1,8835.331848780896,8835.331848780896,0.2222222222222222
1.0000000000000007,96,2447,1,8922.214123090258,8922.214123090258,0.2222222222222222
1.0000000000000007,97,2447,1,9009.098461377831,9009.098461377831,0.2222222222222222
1.0000000000000007,98,2447,1,9095.138767552025,9095.138767552025,0.2222222222222222
1.0000000000000007,99,2447,1,9180.77113461822,9180.77113461822,0.2222222222222222
1.0000000000000007,100,2447,1,9266.513294511695,9266.513294511695,0.2222222222222222
1.0000000000000007,101,2447,1,9351.82798434421,9351.82798434421,0.2222222222222222
1.0000000000000007,102,2447,1,9436.27695471892,9436.27695471892,0.2222222222222222
1.0000000000000007,103,2447,1,9520.820733129274,9520.820733129274,0.2222222222222222
1.0000000000000007,104,2447,1,9604.95884045359,9604.95884045359,0.2222222222222222
1.0000000000000007,105,2447,1,9688.287589048914,9688.287589048914,0.2222222222222222
1.0000000000000007,106,2447,1,9771.257209395564,9771.257209395564,0.2222222222222222
1.0000000000000007,107,2447,1,9854.368260964062,9854.368260964062,0.2222222222222222
1.0000000000000007,108,2447,1,9936.635745808318,9936.635745808318,0.2222222222222222
1.0000000000000007,109,2447,1,10018.561967984693,10018.561967984693,0.2222222222222222
1.0000000000000007,110,2447,1,10100.554655982358,10100.554655982358,0.2222222222222222
1.0000000000000007,111,2447,1,10182.213872200711,10182.213872200711,0.2222222222222222
1.0000000000000007,112,2447,1,10263.54498438375,10263.54498438375,0.2222222222222222
1.0000000000000007,113,2447,1,10344.638346192465,10344.638346192465,0.2222222222222222
1.0000000000000007,114,2447,1,10424.932690839862,10424.932690839862,0.2222222222222222
1.0000000000000007,115,2447,1,10504.917218421955,10504.917218421955,0.2222222222222222
1.0000000000000007,116,2447,1,10585.073522252218,10585.073522252218,0.2222222222222222
1.0000000000000007,117,2447,1,10664.841921920342,10664.841921920342,0.2222222222222222
1.0000000000000007,118,2447,1,10744.367124026398,10744.367124026398,0.2222222222222222
1.0000000000000007,119,2447,1,10823.153694110117,10823.153694110117,0.2222222222222222
1.0000000000000007,120,2447,1,10902.039870409384,10902.039870409384,0.2222222222222222
1.0000000000000007,121,2447,1,10980.640121913051,10980.640121913051,0.2222222222222222
1.0000000000000007,122,2447,1,11058.574448069547,11058.574448069547,0.2222222222222222
1.0000000000000007,123,2447,1,11136.61642201983,11136.61642201983,0.2222222222222222
1.0000000000000007,124,2447,1,11214.003060659186,11214.003060659186,0.2222222222222222
1.0000000000000007,125,2447,1,11291.502307784918,11291.502307784918,0.2222222222222222
1.0000000000000007,126,2447,1,11368.356356273187,11368.356356273187,0.2222222222222222
1.0000000000000007,127,2447,1,11445.408577103908,11445.408577103908,0.2222222222222222
0.34000000000000014,0,1223,1,1088.0,3116.8357572510904,0.3333333333333333
0.3900000000000002,1,1169,1,1216.4983928981392,3047.5084227666803,0.3333333333333333
0.38000000000000017,2,1145,1,1158.8568607546044,2976.437119163393,0.3333333333333333
0.38000000000000017,3,1239,1,1131.4136825645523,2905.903066148928,0.3333333333333333
0.4200000000000002,4,1267,1,1219.3425955516707,2844.788416686223,0.3333333333333333
0.4400000000000002,5,1430,1,1244.2250271733396,2787.099654666621,0.3333333333333333
0.5000000000000002,6,1430,1,1449.63444363231,2832.0736665379372,0.3333333333333333
0.5000000000000002,7,1477,1,1473.4078578413507,2876.6081144814852,0.3333333333333333
0.5200000000000002,8,1383,1,1538.7697209408182,2924.1576920478083,0.3333333333333333
0.49000000000000027,9,1387,1,1417.0260835447705,2877.812473592843,0.3333333333333333
0.5000000000000002,10,1421,1,1470.39325607807,2920.436240814892,0.3333333333333333
0.5100000000000002,11,1449,1,1543.3684369714138,2964.6769759030844,0.3333333333333333
0.5200000000000002,12,1366,1,1584.9956485264497,3010.612475413276,0.3333333333333333
0.49000000000000027,13,1399,1,1481.0899943509608,2966.06686964795,0.3333333333333333
0.5100000000000002,14,1344,1,1563.2289314857271,3009.2332172331458,0.3333333333333333
0.49000000000000027,15,1162,1,1475.1930199663834,2965.6187240710433,0.3333333333333333
0.4300000000000002,16,1137,1,1276.8992171650953,2912.736126950881,0.3333333333333333
0.4300000000000002,17,1214,1,1253.490259273077,2860.480624022217,0.3333333333333333
0.47000000000000025,18,1250,1,1353.2201111256798,2815.095869657944,0.3333333333333333
0.49000000000000027,19,1376,1,1390.9033527355207,2773.960385616194,0.3333333333333333
0.5600000000000003,20,1558,1,1598.820262933792,2822.5432168303805,0.3333333333333333
0.6300000000000003,21,1490,1,1848.0600801364867,2884.0785906628757,0.3333333333333333
0.6000000000000003,22,1699,1,1795.935853261997,2939.144712981823,0.3333333333333333
0.6900000000000004,23,1642,1,2090.1445799353028,3011.283435531933,0.3333333333333333
0.6700000000000004,24,1611,1,2074.3859685753796,3078.1031468090077,0.3333333333333333
0.6500000000000004,25,1625,1,2086.281310957384,3140.9276342224557,0.3333333333333333
0.6600000000000004,26,1483,1,2122.157624341676,3204.6000399669038,0.3333333333333333
0.6000000000000003,27,1765,1,1990.6004975389433,3256.5469970198023,0.3333333333333333
0.7100000000000004,28,1849,1,2404.417884226386,3329.466236851218,0.3333333333333333
0.7500000000000004,29,1795,1,2580.4879458813307,3409.7186621810056,0.3333333333333333
0.7300000000000004,30,1812,1,2574.6874329972507,3484.699786152776,0.3333333333333333
0.7300000000000004,31,1860,1,2620.7888802086172,3559.5437938682694,0.3333333333333333
0.7500000000000004,32,2012,1,2753.7027303071122,3637.1498378589245,0.3333333333333333
0.8100000000000005,33,1947,1,3045.6960289704784,3727.4641019101005,0.3333333333333333
0.7900000000000005,34,1948,1,3035.6951460789187,3811.1460172274947,0.3333333333333333
0.7900000000000005,35,1927,1,3094.1016801359665,3894.1008749090934,0.3333333333333333
0.7800000000000005,36,2018,1,3099.9317426877487,3974.5301669394707,0.3333333333333333
0.8100000000000005,37,2084,1,3320.0472295406694,4061.1125471555624,0.3333333333333333
0.8400000000000005,38,2008,1,3503.303008893743,4152.5575061450645,0.3333333333333333
0.8100000000000005,39,1879,1,3451.783987677846,4236.435554328698,0.3333333333333333
0.7600000000000005,40,1931,1,3292.2145161621756,4309.3159904232725,0.3333333333333333
0.7800000000000005,41,1988,1,3434.53004161876,4385.966928481171,0.3333333333333333
0.8000000000000005,42,2209,1,3588.713606584459,4465.856238179125,0.3333333333333333
0.8900000000000006,43,2167,1,4063.662033476921,4564.227669401795,0.3333333333333333
0.8700000000000006,44,2250,1,4087.2421515871692,4657.521196626629,0.3333333333333333
0.9100000000000006,45,2205,1,4332.637057490309,4757.818691140116,0.3333333333333333
0.8900000000000006,46,2159,1,4331.462557653203,4852.912786313517,0.3333333333333333
0.8700000000000006,47,2147,1,4332.2247593274715,4943.015795662952,0.3333333333333333
0.8600000000000005,48,2094,1,4365.359547271649,5030.772227889013,0.3333333333333333
0.8500000000000005,49,2202,1,4345.777005200399,5114.67367086131,0.3333333333333333
0.8900000000000006,50,2248,1,4643.4038713088685,5206.371727042846,0.3333333333333333
0.9100000000000006,51,2260,1,4819.215343647684,5301.259043032882,0.3333333333333333
0.9100000000000006,52,2334,1,4922.829263719616,5395.7635794879025,0.3333333333333333
0.9400000000000006,53,2300,1,5172.756530429428,5495.6841965277035,0.3333333333333333
0.9300000000000006,54,2288,1,5218.229399202783,5592.163397863917,0.3333333333333333
0.9200000000000006,55,2325,1,5251.746525572367,5686.280041797349,0.3333333333333333
0.9400000000000006,56,2360,1,5443.423530087096,5783.271880587873,0.3333333333333333
0.9500000000000006,57,2429,1,5610.829077287341,5881.873893527078,0.3333333333333333
0.9800000000000006,58,2337,1,5886.236644772346,5985.452037217275,0.3333333333333333
0.9500000000000006,59,2356,1,5764.138446588634,6081.421241779935,0.3333333333333333
0.9500000000000006,60,2263,1,5880.181338870116,6177.481425642811,0.3333333333333333
0.9200000000000006,61,2322,1,5746.963084230898,6265.973402833606,0.3333333333333333
0.9400000000000006,62,2269,1,5954.760878361388,6358.181285338037,0.3333333333333333
0.9100000000000006,63,2336,1,5909.947659473366,6444.755343881746,0.3333333333333333
0.9400000000000006,64,2301,1,6167.98947141671,6536.262196558114,0.3333333333333333
0.9300000000000006,65,2261,1,6156.525342799204,6624.900011342933,0.3333333333333333
0.9100000000000006,66,2280,1,6136.497207295047,6709.475849109414,0.3333333333333333
0.9200000000000006,67,2357,1,6253.145369530955,6795.096114868123,0.3333333333333333
0.9500000000000006,68,2396,1,6559.781569784219,6885.911391433698,0.3333333333333333
0.9700000000000006,69,2444,1,6768.632952766977,6979.630896827722,0.3333333333333333
0.9900000000000007,70,2402,1,6987.934549537969,7076.285558924885,0.3333333333333333
0.9700000000000006,71,2476,1,6959.082037398545,7168.70408528966,0.3333333333333333
1.0000000000000007,72,2476,1,7266.65408308626,7266.65408308626,0.3333333333333333
1.0000000000000007,73,2476,1,7363.604424007428,7363.604424007428,0.3333333333333333
1.0000000000000007,74,2476,1,7460.148944540662,7460.148944540662,0.3333333333333333
1.0000000000000007,75,2476,1,7556.133294118992,7556.133294118992,0.3333333333333333
1.0000000000000007,76,2476,1,7651.439910170423,7651.439910170423,0.3333333333333333
1.0000000000000007,77,2476,1,7746.085359942952,7746.085359942952,0.3333333333333333
1.0000000000000007,78,2476,1,7840.281484710322,7840.281484710322,0.3333333333333333
1.0000000000000007,79,2476,1,7933.84510708839,7933.84510708839,0.3333333333333333
1.0000000000000007,80,2476,1,8026.823119414644,8026.823119414644,0.3333333333333333
1.0000000000000007,81,2476,1,8119.293151560091,8119.293151560091,0.3333333333333333
1.0000000000000007,82,2476,1,8211.171295715756,8211.171295715756,0.3333333333333333
1.0000000000000007,83,2476,1,8302.692600128297,8302.692600128297,0.3333333333333333
1.0000000000000007,84,2476,1,8393.550322554422,8393.550322554422,0.3333333333333333
1.0000000000000007,85,2476,1,8484.071857203287,8484.071857203287,0.3333333333333333
1.0000000000000007,86,2476,1,8574.0155441246,8574.0155441246,0.3333333333333333
1.0000000000000007,87,2476,1,8663.486220762587,8663.486220762587,0.3333333333333333
1.0000000000000007,88,2476,1,8752.524589947472,8752.524589947472,0.3333333333333333
1.0000000000000007,89,2476,1,8841.10891318641,8841.10891318641,0.3333333333333333
1.0000000000000007,90,2476,1,8929.187177153215,8929.187177153215,0.3333333333333333
1.0000000000000007,91,2476,1,9016.860383886504,9016.860383886504,0.3333333333333333
1.0000000000000007,92,2476,1,9104.045761481266,9104.045761481266,0.3333333333333333
1.0000000000000007,93,2476,1,9190.903061562498,9190.903061562498,0.3333333333333333
1.0000000000000007,94,2476,1,9277.378959991158,9277.378959991158,0.3333333333333333
1.0000000000000007,95,2476,1,9363.450887167603,9363.450887167603,0.3333333333333333
1.0000000000000007,96,2476,1,9449.007455539771,9449.007455539771,0.3333333333333333
1.0000000000000007,97,2476,1,9534.264533836305,9534.264533836305,0.3333333333333333
1.0000000000000007,98,2476,1,9619.110120373241,9619.110120373241,0.3333333333333333
1.0000000000000007,99,2476,1,9703.580686866746,9703.580686866746,0.3333333333333333
1.0000000000000007,100,2476,1,9787.68278768233,9787.68278768233,0.3333333333333333
1.0000000000000007,101,2476,1,9871.509959589037,9871.509959589037,0.3333333333333333
1.0000000000000007,102,2476,1,9954.893640156633,9954.893640156633,0.3333333333333333
1.0000000000000007,103,2476,1,10037.984999392453,10037.984999392453,0.3333333333333333
1.0000000000000007,104,2476,1,10120.731741602032,10120.731741602032,0.3333333333333333
1.0000000000000007,105,2476,1,10203.082366339091,10203.082366339091,0.3333333333333333
1.0000000000000007,106,2476,1,10285.156910474625,10285.156910474625,0.3333333333333333
1.0000000000000007,107,2476,1,10366.846627979025,10366.846627979025,0.3333333333333333
1.0000000000000007,108,2476,1,10448.016198355797,10448.016198355797,0.3333333333333333
1.0000000000000007,109,2476,1,10529.12299646389,10529.12299646389,0.3333333333333333
1.0000000000000007,110,2476,1,10609.888785815712,10609.888785815712,0.3333333333333333
1.0000000000000007,111,2476,1,10690.402403599537,10690.402403599537,0.3333333333333333
1.0000000000000007,112,2476,1,10770.584452382105,10770.584452382105,0.3333333333333333
1.0000000000000007,113,2476,1,10850.35667456355,10850.35667456355,0.3333333333333333
1.0000000000000007,114,2476,1,10929.945513328581,10929.945513328581,0.3333333333333333
1.0000000000000007,115,2476,1,11009.271550460799,11009.271550460799,0.3333333333333333
1.0000000000000007,116,2476,1,11088.20168160224,11088.20168160224,0.3333333333333333
1.0000000000000007,117,2476,1,11166.823080529304,11166.823080529304,0.3333333333333333
1.0000000000000007,118,2476,1,11245.248838297908,11245.248838297908,0.3333333333333333
1.0000000000000007,119,2476,1,11323.400642110984,11323.400642110984,0.3333333333333333
1.0000000000000007,120,2476,1,11401.255267291324,11401.255267291324,0.3333333333333333
1.0000000000000007,121,2476,1,11478.897468749241,11478.897468749241,0.3333333333333333
1.0000000000000007,122,2476,1,11556.249808196548,11556.249808196548,0.3333333333333333
1.0000000000000007,123,2476,1,11633.316087905863,11633.316087905863,0.3333333333333333
1.0000000000000007,124,2476,1,11710.126676099886,11710.126676099886,0.3333333333333333
1.0000000000000007,125,2476,1,11786.631801052314,11786.631801052314,0.3333333333333333
1.0000000000000007,126,2476,1,11862.941193627157,11862.941193627157,0.3333333333333333
1.0000000000000007,127,2476,1,11939.083945504914,11939.083945504914,0.3333333333333333
0.45000000000000023,0,1698,1,1440.0,3143.297107216648,0.4444444444444444
0.5400000000000003,1,1981,1,1750.8365942230992,3197.6353085416085,0.4444444444444444
0.6300000000000003,2,1827,1,2093.8034823507446,3270.741479403204,0.4444444444444444
0.5800000000000003,3,1792,1,1967.850561356809,3332.018069524885,0.4444444444444444
0.5700000000000003,4,2202,1,1960.9742215391345,3390.831413205389,0.4444444444444444
0.7000000000000004,5,2003,1,2455.384686769261,3479.0634304699015,0.4444444444444444
0.6300000000000003,6,2095,1,2259.003699368276,3549.900743449877,0.4444444444444444
0.6600000000000004,7,2096,1,2415.6730365592994,3626.8509314859384,0.4444444444444444
0.6600000000000004,8,2126,1,2468.9751066405543,3703.4311218338225,0.4444444444444444
0.6700000000000004,9,2097,1,2558.5914244278797,3781.0187266448024,0.4444444444444444
0.6600000000000004,10,2191,1,2566.623889480037,3855.995931674781,0.4444444444444444
0.6900000000000004,11,2156,1,2748.580860455967,3937.172512037473,0.4444444444444444
0.6800000000000004,12,2094,1,2744.4290354831,4014.6421652785775,0.4444444444444444
0.6600000000000004,13,2097,1,2727.7317265337515,4087.2996388335737,0.4444444444444444
0.6600000000000004,14,2094,1,2768.318879550706,4159.41294759317,0.4444444444444444
0.6600000000000004,15,1744,1,2821.7261256854076,4230.426371058985,0.4444444444444444
0.5500000000000003,16,1750,1,2392.5398008230122,4279.421071873656,0.4444444444444444
0.5500000000000003,17,1587,1,2392.0436491974174,4328.304750540431,0.4444444444444444
0.5000000000000002,18,1810,1,2198.8387475811346,4368.311869908756,0.4444444444444444
0.5700000000000003,19,1967,1,2556.7424903004394,4419.890961164932,0.4444444444444444
0.6200000000000003,20,1552,1,2797.3253436587183,4480.943450497956,0.4444444444444444
0.49000000000000027,21,1528,1,2195.338439642358,4439.287769748599,0.4444444444444444
0.49000000000000027,22,1510,1,2169.3296728169903,4398.134620061479,0.4444444444444444
0.49000000000000027,23,1657,1,2180.0690038712023,4357.645877206003,0.4444444444444444
0.5500000000000003,24,1537,1,2454.9638078787957,4403.545539961515,0.4444444444444444
0.5100000000000002,25,1626,1,2299.9093268691663,4442.7720432164,0.4444444444444444
0.5400000000000003,26,1635,1,2436.1144588245947,4486.226594748263,0.4444444444444444
0.5400000000000003,27,1844,1,2462.348718551591,4530.019415978561,0.4444444444444444
0.6100000000000003,28,1776,1,2795.4699307592273,4585.372685593235,0.4444444444444444
0.5900000000000003,29,1875,1,2768.9766945515776,4636.846553141813,0.4444444444444444
0.6200000000000003,30,1901,1,2931.159595922434,4693.705051293707,0.4444444444444444
0.6300000000000003,31,1954,1,3028.677582446882,4751.562960777368,0.4444444444444444
0.6500000000000004,32,2291,1,3163.2279851580047,4812.935772678528,0.4444444444444444
0.7600000000000005,33,2381,1,3748.2900647392808,4896.369687656731,0.4444444444444444
0.7900000000000005,34,2471,1,3947.562286833955,4985.648784193491,0.4444444444444444
0.8200000000000005,35,2410,1,4182.595340756914,5081.530510948066,0.4444444444444444
0.8000000000000005,36,2346,1,4159.716500457106,5171.876490136065,0.4444444444444444
0.7800000000000005,37,2079,1,4108.8676579828625,5256.817121053518,0.4444444444444444
0.6900000000000004,38,2086,1,3664.8237891654635,5322.798975399347,0.4444444444444444
0.6900000000000004,39,1866,1,3744.9164927138077,5388.539650075836,0.4444444444444444
0.6200000000000003,40,1748,1,3397.9079218839993,5440.717535821307,0.4444444444444444
0.5800000000000003,41,1646,1,3185.8304665484843,5486.194413947124,0.4444444444444444
0.5500000000000003,42,1663,1,3028.234294928862,5526.804603448436,0.4444444444444444
0.5500000000000003,43,1751,1,3097.29857709712,5567.410508390235,0.4444444444444444
0.5800000000000003,44,2175,1,3253.676664015509,5612.654578294155,0.4444444444444444
0.7200000000000004,45,2318,1,4131.774813850218,5682.400757757302,0.4444444444444444
0.7700000000000005,46,2501,1,4451.57230258457,5761.402375086931,0.4444444444444444
0.8300000000000005,47,2528,1,4861.328635843403,5852.759190026145,0.4444444444444444
0.8400000000000005,48,2622,1,5017.294712990494,5945.492802909763,0.4444444444444444
0.8700000000000006,49,2683,1,5276.974014637864,6044.333460701827,0.4444444444444444
0.8900000000000006,50,2798,1,5474.528642065785,6146.972961987896,0.4444444444444444
0.9300000000000006,51,2620,1,5821.223719258448,6257.998361845722,0.4444444444444444
0.8700000000000006,52,2744,1,5543.342325515984,6354.296897395613,0.4444444444444444
0.9100000000000006,53,2803,1,5890.4758131643,6458.69469833774,0.4444444444444444
0.9300000000000006,54,2741,1,6121.611532757729,6567.136446081365,0.4444444444444444
0.9100000000000006,55,2737,1,6080.62646482484,6670.01664831684,0.4444444444444444
0.9100000000000006,56,2767,1,6168.402187108371,6771.981952933939,0.4444444444444444
0.9200000000000006,57,2795,1,6315.346782312442,6875.388536086932,0.4444444444444444
0.9300000000000006,58,2827,1,6489.945908984923,6980.189953276242,0.4444444444444444
0.9400000000000006,59,2826,1,6651.432882466715,7086.599860100694,0.4444444444444444
0.9400000000000006,60,2798,1,6747.901276663699,7192.105945787272,0.4444444444444444
0.9300000000000006,61,2802,1,6777.499989511265,7294.684855687295,0.4444444444444444
0.9300000000000006,62,2682,1,6890.52653267688,7396.749581585009,0.4444444444444444
0.8900000000000006,63,2681,1,6685.769039124143,7489.527380208092,0.4444444444444444
0.8900000000000006,64,2799,1,6758.3331217792,7581.694029111551,0.4444444444444444
0.9300000000000006,65,2684,1,7162.744368327179,7681.669410519437,0.4444444444444444
0.8900000000000006,66,2710,1,6944.676290085681,7772.808084615585,0.4444444444444444
0.9000000000000006,67,2703,1,7072.3491138428735,7865.383353177968,0.4444444444444444
0.9000000000000006,68,2704,1,7150.386025926402,7957.143282125613,0.4444444444444444
0.9000000000000006,69,2742,1,7253.44417671412,8048.319630640761,0.4444444444444444
0.9100000000000006,70,2861,1,7422.515637409163,8141.315442274189,0.4444444444444444
0.9500000000000006,71,2833,1,7832.190263165379,8242.071515608726,0.4444444444444444
0.9400000000000006,72,2894,1,7860.291315316486,8340.207067389478,0.4444444444444444
0.9600000000000006,73,2886,1,8114.377865369823,8442.003367007837,0.4444444444444444
0.9600000000000006,74,2825,1,8190.7457743724235,8542.871914494543,0.4444444444444444
0.9400000000000006,75,2858,1,8113.374126381345,8639.018919814302,0.4444444444444444
0.9500000000000006,76,2834,1,8305.785195947274,8736.755505593157,0.4444444444444444
0.9400000000000006,77,2854,1,8307.796136149993,8832.048423960923,0.4444444444444444
0.9500000000000006,78,2922,1,8466.201465499267,8928.574598031277,0.4444444444444444
0.9700000000000006,79,2888,1,8763.20923698053,9028.954636303011,0.4444444444444444
0.9600000000000006,80,2888,1,8745.2993181854,9126.49958297679,0.4444444444444444
0.9600000000000006,81,2890,1,8855.932245348884,9223.52184416297,0.4444444444444444
0.9600000000000006,82,2922,1,8952.451761795279,9320.099940016871,0.4444444444444444
0.9700000000000006,83,2831,1,9159.610336961912,9418.26227948082,0.4444444444444444
0.9400000000000006,84,2682,1,8954.832398466737,9509.972537101708,0.4444444444444444
0.8900000000000006,85,2766,1,8553.402048746531,9591.742964391326,0.4444444444444444
0.9200000000000006,86,2774,1,8889.487700842234,9678.625770807661,0.4444444444444444
0.9200000000000006,87,2766,1,9022.481979528484,9765.343339376954,0.4444444444444444
0.9200000000000006,88,2770,1,9055.484557967215,9851.450416634409,0.4444444444444444
0.9200000000000006,89,2741,1,9168.236622398397,9936.992657107134,0.4444444444444444
0.9100000000000006,90,2710,1,9133.648931064936,10020.654727322699,0.4444444444444444
0.9000000000000006,91,2650,1,9100.449234624313,10102.058951585781,0.4444444444444444
0.8800000000000006,92,2735,1,8957.213871148087,10179.610216148423,0.4444444444444444
0.9100000000000006,93,2644,1,9333.615185081113,10262.138505831494,0.4444444444444444
0.8800000000000006,94,2588,1,9089.863353304945,10338.93159567477,0.4444444444444444
0.8600000000000005,95,2559,1,8979.990276859506,10411.791852138605,0.4444444444444444
0.8500000000000005,96,2504,1,8929.36426667334,10482.970411634542,0.4444444444444444
0.8300000000000005,97,2401,1,8809.958055218545,10550.77965180645,0.4444444444444444
0.8000000000000005,98,2284,1,8475.566419849607,10613.220150855013,0.4444444444444444
0.7600000000000005,99,2202,1,8151.719041540772,10669.450812638357,0.4444444444444444
0.7300000000000004,100,2165,1,7857.27372526314,10721.363461608953,0.4444444444444444
0.7200000000000004,101,2286,1,7769.670872267287,10771.53256021328,0.4444444444444444
0.7600000000000005,102,2472,1,8246.04754814658,10827.150758536032,0.4444444444444444
0.8200000000000005,103,2529,1,8969.847647223758,10892.218524436565,0.4444444444444444
0.8400000000000005,104,2558,1,9206.083069643391,10960.199132536576,0.4444444444444444
0.8500000000000005,105,2711,1,9400.012170460777,11029.593369902102,0.4444444444444444
0.9000000000000006,106,2856,1,10012.771357788823,11107.21398767622,0.4444444444444444
0.9500000000000006,107,2827,1,10644.413354761471,11193.018941642633,0.4444444444444444
0.9400000000000006,108,2917,1,10620.990322216323,11276.999343257023,0.4444444444444444
0.9700000000000006,109,2945,1,11025.06708954062,11366.137487054786,0.4444444444444444
0.9800000000000006,110,2977,1,11218.566558069639,11456.709415669711,0.4444444444444444
0.9900000000000007,111,3006,1,11436.977836394099,11548.842081099747,0.4444444444444444
1.0000000000000007,112,3006,1,11642.417427111666,11642.417427111666,0.4444444444444444
1.0000000000000007,113,3006,1,11735.669250935447,11735.669250935447,0.4444444444444444
1.0000000000000007,114,3006,1,11828.470228682096,11828.470228682096,0.4444444444444444
1.0000000000000007,115,3006,1,11920.93288640486,11920.93288640486,0.4444444444444444
1.0000000000000007,116,3006,1,12013.088924635698,12013.088924635698,0.4444444444444444
1.0000000000000007,117,3006,1,12104.917034661508,12104.917034661508,0.4444444444444444
1.0000000000000007,118,3006,1,12196.343914683128,12196.343914683128,0.4444444444444444
1.0000000000000007,119,3006,1,12287.427470570086,12287.427470570086,0.4444444444444444
1.0000000000000007,120,3006,1,12378.172808964002,12378.172808964002,0.4444444444444444
1.0000000000000007,121,3006,1,12468.559063929273,12468.559063929273,0.4444444444444444
1.0000000000000007,122,3006,1,12558.668606338924,12558.668606338924,0.4444444444444444
1.0000000000000007,123,3006,1,12648.40298557585,12648.40298557585,0.4444444444444444
1.0000000000000007,124,3006,1,12737.818486949465,12737.818486949465,0.4444444444444444
1.0000000000000007,125,3006,1,12826.9450748012,12826.9450748012,0.4444444444444444
1.0000000000000007,126,3006,1,12915.78686479637,12915.78686479637,0.4444444444444444
1.0000000000000007,127,3006,1,13004.322576522198,13004.322576522198,0.4444444444444444
0.5600000000000003,0,1824,1,1851.8721453766282,3258.605010024736,0.5555555555555556
0.5700000000000003,1,1728,1,1916.624926911868,3319.1555733419864,0.5555555555555556
0.5400000000000003,2,1984,1,1851.3666637733177,3372.619330101197,0.5555555555555556
0.6200000000000003,3,2270,1,2169.5987607985817,3442.7392112317566,0.5555555555555556
0.7100000000000004,4,2175,1,2537.16366135034,3534.3315471679107,0.5555555555555556
0.6800000000000004,5,2432,1,2482.2953175313933,3617.242308227859,0.5555555555555556
0.7600000000000005,6,2464,1,2850.716709486929,3719.799667492751,0.5555555555555556
0.7700000000000005,7,2464,1,2970.6636664766056,3823.627562957738,0.5555555555555556
0.7700000000000005,8,2368,1,3048.0448153585453,3926.0360700429264,0.5555555555555556
0.7400000000000004,9,2368,1,3013.530749462642,4019.3360753312845,0.5555555555555556
0.7400000000000004,10,2078,1,3074.3128321841855,4111.126644754199,0.5555555555555556
0.6500000000000004,11,1950,1,2718.7824354599165,4181.291149704909,0.5555555555555556
0.6100000000000003,12,1950,1,2615.4485847776973,4242.507740006782,0.5555555555555556
0.6100000000000003,13,2047,1,2625.7700597465387,4302.943919647706,0.5555555555555556
0.6400000000000003,14,2206,1,2834.86044939814,4369.099556955097,0.5555555555555556
0.6900000000000004,15,2204,1,3084.549820792229,4445.859112585589,0.5555555555555556
0.6900000000000004,16,2236,1,3153.2382724559766,4521.883289287905,0.5555555555555556
0.7000000000000004,17,2332,1,3234.2111621268336,4599.482425081308,0.5555555555555556
0.7300000000000004,18,2141,1,3426.6135224870663,4683.209175209736,0.5555555555555556
0.6700000000000004,19,1918,1,3203.693401424186,4752.700624854216,0.5555555555555556
0.6000000000000003,20,1885,1,2906.2059404093834,4808.238182938283,0.5555555555555556
0.5900000000000003,21,1883,1,2883.7297850620344,4861.279843853569,0.5555555555555556
0.5900000000000003,22,1695,1,2913.5971559630834,4913.974222044813,0.5555555555555556
0.5300000000000002,23,2011,1,2641.211433695605,4956.530314912223,0.5555555555555556
0.6300000000000003,24,1886,1,3183.5666841367292,5016.441837369555,0.5555555555555556
0.5900000000000003,25,1949,1,3027.7228225802337,5068.699107192989,0.5555555555555556
0.6100000000000003,26,1916,1,3167.3091127174753,5124.270355678295,0.5555555555555556
0.6000000000000003,27,1913,1,3140.596581734349,5177.398142861277,0.5555555555555556
0.6000000000000003,28,1789,1,3152.996110592091,5230.468404619057,0.5555555555555556
0.5600000000000003,29,1755,1,2967.80236968283,5276.229459865022,0.5555555555555556
0.5500000000000003,30,1659,1,2978.034009807962,5320.381746817407,0.5555555555555556
0.5200000000000002,31,1531,1,2792.2083441172513,5359.642342113168,0.5555555555555556
0.48000000000000026,32,1759,1,2583.662873031994,5319.848368822854,0.5555555555555556
0.5600000000000003,33,1757,1,3034.7628143884835,5364.476705995031,0.5555555555555556
0.5600000000000003,34,1976,1,3058.772293226398,5409.1120757506715,0.5555555555555556
0.6300000000000003,35,1948,1,3472.9059436886605,5465.475218731476,0.5555555555555556
0.6200000000000003,36,1884,1,3463.0973083743024,5519.571959984728,0.5555555555555556
0.6000000000000003,37,1941,1,3341.7212086552126,5569.922041708602,0.5555555555555556
0.6200000000000003,38,1727,1,3472.3522534199715,5623.279680305875,0.5555555555555556
0.5500000000000003,39,1662,1,3153.406549800624,5665.119995570107,0.5555555555555556
0.5300000000000002,40,1688,1,3023.4709917896525,5703.744928566987,0.5555555555555556
0.5400000000000003,41,1253,1,3111.327113417991,5743.841942976205,0.5555555555555556
0.4000000000000002,42,1015,1,2285.6483014627593,5694.4381039025175,0.5555555555555556
0.3300000000000001,43,1108,1,1892.1686430208056,5633.637878608939,0.5555555555555556
0.37000000000000016,44,1117,1,2075.644026517477,5580.692365184785,0.5555555555555556
0.38000000000000017,45,700,1,2105.855420460864,5530.273399703033,0.5555555555555556
0.24000000000000007,46,811,1,1355.2468801619987,5455.978368848329,0.5555555555555556
0.2900000000000001,47,984,1,1600.6752404711738,5392.036926251795,0.5555555555555556
0.36000000000000015,48,915,1,1934.8086442668864,5341.118568256384,0.5555555555555556
0.34000000000000014,49,832,1,1806.2898807806873,5287.414460292022,0.5555555555555556
0.3200000000000001,50,899,1,1683.2289356290814,5231.26611516292,0.5555555555555556
0.36000000000000015,51,698,1,1868.387381101421,5182.9160355749145,0.5555555555555556
0.2800000000000001,52,629,1,1421.7538825934892,5123.577331446152,0.5555555555555556
0.26000000000000006,53,697,1,1346.583457371981,5062.273077631344,0.5555555555555556
0.3000000000000001,54,796,1,1536.9305074687447,5007.850640504676,0.5555555555555556
0.35000000000000014,55,786,1,1757.5740312221312,4962.931665719876,0.5555555555555556
0.36000000000000015,56,968,1,1792.9599109951957,4920.221061059512,0.5555555555555556
0.45000000000000023,57,921,1,2214.7418306244363,4889.232525439586,0.5555555555555556
0.4400000000000002,58,883,1,2166.814567206103,4858.256472654644,0.5555555555555556
0.4300000000000002,59,733,1,2072.282734543378,4826.378521701868,0.5555555555555556
0.37000000000000016,60,647,1,1767.1488389919753,4788.519155743065,0.5555555555555556
0.3300000000000001,61,678,1,1598.9870213475706,4747.21487734499,0.5555555555555556
0.37000000000000016,62,681,1,1755.166305780852,4711.139623743548,0.5555555555555556
0.38000000000000017,63,794,1,1789.0733552577392,4677.3304914331175,0.5555555555555556
0.45000000000000023,64,836,1,2099.4880219138136,4651.057302114833,0.5555555555555556
0.48000000000000026,65,873,1,2219.1140841025735,4628.180093278188,0.5555555555555556
0.5000000000000002,66,880,1,2337.3843138087573,4649.454486783762,0.5555555555555556
0.5100000000000002,67,779,1,2370.809956476209,4671.259863847312,0.5555555555555556
0.45000000000000023,68,563,1,2109.0358952728716,4645.621432673498,0.5555555555555556
0.3200000000000001,69,545,1,1468.5384254205549,4606.966700403876,0.5555555555555556
0.3300000000000001,70,451,1,1499.1628590342418,4570.386727165759,0.5555555555555556
0.2800000000000001,71,578,1,1294.3004106131607,4529.158637055799,0.5555555555555556
0.38000000000000017,72,487,1,1706.7874259556145,4499.185394074889,0.5555555555555556
0.3200000000000001,73,466,1,1435.388193121548,4463.5676446054185,0.5555555555555556
0.3200000000000001,74,353,1,1406.940298574344,4429.353871741651,0.5555555555555556
0.24000000000000007,75,346,1,1062.7015260746848,4387.306202160565,0.5555555555555556
0.25000000000000006,76,319,1,1096.8725446694182,4348.250273991891,0.5555555555555556
0.24000000000000007,77,290,1,1052.0330114924534,4309.1964274188995,0.5555555555555556
0.23000000000000007,78,223,1,995.3597097341851,4270.716643757751,0.5555555555555556
0.18000000000000002,79,241,1,774.4225232491088,4228.707007331591,0.5555555555555556
0.21000000000000005,80,228,1,920.6820254440753,4191.969889568977,0.5555555555555556
0.20000000000000004,81,254,1,816.4900596966812,4154.3965776477535,0.5555555555555556
0.23000000000000007,82,278,1,949.284077471909,4119.722175825638,0.5555555555555556
0.25000000000000006,83,246,1,1039.913625581827,4087.3051704163418,0.5555555555555556
0.22000000000000006,84,268,1,917.9464869081527,4052.1404055152134,0.5555555555555556
0.24000000000000007,85,223,1,994.9379637021625,4018.615431247867,0.5555555555555556
0.20000000000000004,86,188,1,816.4745240909939,3981.2624617038286,0.5555555555555556
0.17,87,165,1,674.7723623573221,3941.1286974320346,0.5555555555555556
0.15,88,134,1,596.2259119292122,3898.8594878139497,0.5555555555555556
0.12999999999999998,89,91,1,520.0190200787745,3857.8070944565798,0.5555555555555556
0.09,90,80,1,346.7946131819838,3813.155942670042,0.5555555555555556
0.08,91,37,1,301.2375995228855,3767.348325808241,0.5555555555555556
0.04,92,36,1,157.1199351342153,3721.7403429877336,0.5555555555555556
0.04,93,9,1,150.5962682934076,3676.2786358635876,0.5555555555555556
0.01,94,18,1,40.238990089473056,3627.6744865129203,0.5555555555555556
0.02,95,0,1,66.85831934856893,3579.7342755035456,0.5555555555555556
0.0,96,0,1,0.0,3529.4738586594613,0.5555555555555556
0.0,97,0,1,0.0,3484.480959943806,0.5555555555555556
0.0,98,0,1,0.0,3439.141335694983,0.5555555555555556
0.0,99,0,1,0.0,3393.5613749587155,0.5555555555555556
0.0,100,0,1,0.0,3347.6763360087357,0.5555555555555556
0.0,101,0,1,0.0,3301.477904864826,0.5555555555555556
0.0,102,0,1,0.0,3254.9573633731043,0.5555555555555556
0.0,103,0,1,0.0,3208.105560570043,0.5555555555555556
0.0,104,0,1,0.0,3160.9128813539014,0.5555555555555556
0.0,105,0,1,0.0,3113.3692121452796,0.5555555555555556
0.0,106,0,1,0.0,3065.4639031728393,0.5555555555555556
0.0,107,0,1,0.0,3017.1857269668108,0.5555555555555556
0.0,108,0,1,0.0,2968.522832580169,0.5555555555555556
0.0,109,0,1,0.0,2919.462694983506,0.5555555555555556
0.0,110,0,1,0.0,2869.9920589922262,0.5555555555555556
0.0,111,0,1,0.0,2820.0968769809942,0.5555555555555556
0.0,112,0,1,0.0,2775.9905153645363,0.5555555555555556
0.0,113,0,1,0.0,2731.599199084498,0.5555555555555556
0.0,114,0,1,0.0,2686.8486340293034,0.5555555555555556
0.0,115,0,1,0.0,2641.726938425685,0.5555555555555556
0.0,116,0,1,0.0,2596.221526572964,0.5555555555555556
0.0,117,0,1,0.0,2550.319047793542,0.5555555555555556
0.0,118,0,1,0.0,2504.0053183237223,0.5555555555555556
0.0,119,0,1,0.0,2457.265245113437,0.5555555555555556
0.0,120,0,1,0.0,2410.082740319579,0.5555555555555556
0.0,121,0,1,0.0,2362.4406250548022,0.5555555555555556
0.0,122,0,1,0.0,2314.320520682032,0.5555555555555556
0.0,123,0,1,0.0,2265.7027256122387,0.5555555555555556
0.0,124,0,1,0.0,2216.5660751529344,0.5555555555555556
0.0,125,0,1,0.0,2166.887781446411,0.5555555555555556
0.0,126,0,1,0.0,2123.7485371914545,0.5555555555555556
0.0,127,0,1,0.0,2080.246592111051,0.5555555555555556
0.6700000000000004,0,2304,1,2228.613811650347,3284.613811650348,0.6666666666666666
0.7200000000000004,1,2464,1,2458.2849527045773,3381.147232215072,0.6666666666666666
0.7700000000000005,2,2496,1,2703.8900169032886,3490.0507191694187,0.6666666666666666
0.7800000000000005,3,2528,1,2836.726897840946,3600.0596629056568,0.6666666666666666
0.7900000000000005,4,2400,1,2957.8094148217997,3711.1854087310144,0.6666666666666666
0.7500000000000004,5,2496,1,2886.033305024498,3809.3313235466508,0.6666666666666666
0.7800000000000005,6,2400,1,3061.8735093390264,3914.6291702256744,0.6666666666666666
0.7500000000000004,7,2367,1,3025.132055583088,4010.622269535839,0.6666666666666666
0.7400000000000004,8,2400,1,3050.934350194215,4102.893721301293,0.6666666666666666
0.7500000000000004,9,2527,1,3177.9232291937105,4196.6585995736195,0.6666666666666666
0.7900000000000005,10,2304,1,3410.223132358966,4299.54169363696,0.6666666666666666
0.7200000000000004,11,2367,1,3186.830712327859,4383.520421848437,0.6666666666666666
0.7400000000000004,12,2303,1,3326.5448248949797,4471.779973528383,0.6666666666666666
0.7200000000000004,13,2270,1,3299.12097745502,4554.089190367168,0.6666666666666666
0.7100000000000004,14,2400,1,3316.729164533366,4633.725372703178,0.6666666666666666
0.7500000000000004,15,2174,1,3574.0721461324706,4721.956165670945,0.6666666666666666
0.6800000000000004,16,2174,1,3285.608580441201,4793.653219936761,0.6666666666666666
0.6800000000000004,17,2174,1,3328.336871649549,4864.8120798951295,0.6666666666666666
0.6800000000000004,18,2079,1,3380.9814911583144,4935.448593201043,0.6666666666666666
0.6500000000000004,19,1886,1,3272.4092834336407,4999.184267338487,0.6666666666666666
0.5900000000000003,20,1726,1,2997.531103629239,5051.5316575181805,0.6666666666666666
0.5400000000000003,21,1790,1,2763.4521070799615,5095.091178981732,0.6666666666666666
0.5600000000000003,22,1566,1,2899.1831605309353,5141.765097761212,0.6666666666666666
0.49000000000000027,23,1633,1,2526.39780684344,5103.3823288725425,0.6666666666666666
0.5200000000000002,24,1795,1,2681.38911934744,5142.851120321454,0.6666666666666666
0.5700000000000003,25,1828,1,2981.272056061967,5190.294373235266,0.6666666666666666
0.5800000000000003,26,1828,1,3048.6984630859106,5239.245462842052,0.6666666666666666
0.5800000000000003,27,2013,1,3107.7262811805977,5287.687884555505,0.6666666666666666
0.6400000000000003,28,2169,1,3453.2539523147234,5346.673130041529,0.6666666666666666
0.6900000000000004,29,2266,1,3739.3942740866796,5414.883114221884,0.6666666666666666
0.7200000000000004,30,1988,1,3997.5188338676394,5488.4599921590725,0.6666666666666666
0.6300000000000003,31,1640,1,3497.010759623152,5544.734181571857,0.6666666666666666
0.5200000000000002,32,1574,1,2930.170389339337,5582.744482912862,0.6666666666666666
0.5000000000000002,33,1605,1,2795.4330832575934,5617.696846412354,0.6666666666666666
0.5100000000000002,34,1222,1,2907.2138547442237,5653.949087894922,0.6666666666666666
0.3900000000000002,35,1414,1,2192.2361141765823,5602.174196773046,0.6666666666666666
0.46000000000000024,36,1125,1,2561.7753882259967,5562.241091725672,0.6666666666666666
0.37000000000000016,37,1188,1,2061.0680854185025,5508.728782240449,0.6666666666666666
0.4000000000000002,38,932,1,2193.0272249551035,5460.109669185125,0.6666666666666666
0.3200000000000001,39,868,1,1723.480543155101,5398.675739794859,0.6666666666666666
0.3100000000000001,40,729,1,1676.2914116258607,5336.111467918538,0.6666666666666666
0.26000000000000006,41,652,1,1393.11777431897,5267.2195777072,0.6666666666666666
0.24000000000000007,42,603,1,1274.6505323013062,5195.86317025801,0.6666666666666666
0.23000000000000007,43,634,1,1186.76692946543,5123.902336518029,0.6666666666666666
0.25000000000000006,44,808,1,1266.1230932645738,5057.033133399601,0.6666666666666666
0.3300000000000001,45,742,1,1674.1830482818102,5004.025760565464,0.6666666666666666
0.3100000000000001,46,652,1,1555.253844268423,4949.180627236395,0.6666666666666666
0.2800000000000001,47,596,1,1400.840407007289,4890.909327641331,0.6666666666666666
0.2700000000000001,48,620,1,1305.5081641201475,4832.816503866424,0.6666666666666666
0.2800000000000001,49,532,1,1336.2619991850768,4778.461877587535,0.6666666666666666
0.25000000000000006,50,413,1,1191.8388885629104,4720.9354820819,0.6666666666666666
0.20000000000000004,51,500,1,943.101137525977,4657.315054985537,0.6666666666666666
0.26000000000000006,52,609,1,1205.618188448574,4604.140568774891,0.6666666666666666
0.3200000000000001,53,554,1,1462.9013490967932,4560.543095519226,0.6666666666666666
0.3000000000000001,54,463,1,1362.806316725813,4516.498840833039,0.6666666666666666
0.26000000000000006,55,405,1,1176.448435101279,4468.78223224013,0.6666666666666666
0.24000000000000007,56,356,1,1061.7133026601448,4420.090592989197,0.6666666666666666
0.23000000000000007,57,352,1,1023.3409928228159,4371.3863318477925,0.6666666666666666
0.23000000000000007,58,362,1,1021.6506179387526,4324.6126164568395,0.6666666666666666
0.25000000000000006,59,257,1,1060.583115494465,4281.964368406529,0.6666666666666666
0.18000000000000002,60,131,1,764.0314352423287,4234.088955581947,0.6666666666666666
0.09999999999999999,61,118,1,431.9824578690433,4179.0525449022825,0.6666666666666666
0.09,62,135,1,378.1100081361494,4126.507546812078,0.6666666666666666
0.11999999999999998,63,138,1,507.14695942152053,4079.533407071215,0.6666666666666666
0.12999999999999998,64,111,1,528.568395589294,4035.4468290903988,0.6666666666666666
0.10999999999999999,65,105,1,453.84506159528524,3990.9994842349533,0.6666666666666666
0.09999999999999999,66,80,1,385.05515310173683,3947.0532519912726,0.6666666666666666
0.08,67,71,1,312.1633973189511,3901.436242313264,0.6666666666666666
0.07,68,108,1,274.36335889962896,3855.104845914091,0.6666666666666666
0.11999999999999998,69,127,1,454.75786266085663,3817.124505339373,0.6666666666666666
0.13999999999999999,70,164,1,548.9843431206974,3780.7627344389894,0.6666666666666666
0.18000000000000002,71,145,1,693.1410398500494,3747.5912119042655,0.6666666666666666
0.16,72,145,1,597.1053100386832,3712.5806764624126,0.6666666666666666
0.16,73,126,1,576.6149297455536,3677.405449463175,0.6666666666666666
0.13999999999999999,74,83,1,535.9830279525562,3640.3593548594226,0.6666666666666666
0.09,75,45,1,328.0548923952087,3598.7207332080925,0.6666666666666666
0.05,76,63,1,178.9136684583923,3552.9166567024745,0.6666666666666666
0.07,77,54,1,247.51964115945344,3509.3158472074124,0.6666666666666666
0.060000000000000005,78,72,1,216.53908974274606,3464.491305292512,0.6666666666666666
0.08,79,36,1,278.34572484932954,3421.287125132377,0.6666666666666666
0.04,80,18,1,134.36616856609714,3373.926615898371,0.6666666666666666
0.02,81,8,1,68.34635413660249,3324.216327766134,0.6666666666666666
0.01,82,16,1,30.404541204671588,3278.6085339159927,0.6666666666666666
0.02,83,24,1,64.6514021943625,3233.7838958429134,0.6666666666666666
0.03,84,24,1,99.21102138025411,3189.57076856109,0.6666666666666666
0.03,85,40,1,97.70892997434972,3145.0522596056435,0.6666666666666666
0.05,86,32,1,152.09724579799098,3102.0589092421737,0.6666666666666666
0.04,87,40,1,126.32035443561395,3057.8475790270963,0.6666666666666666
0.05,88,24,1,145.2759257512393,3014.245489116312,0.6666666666666666
0.03,89,32,1,96.44535749578674,2968.4505567832243,0.6666666666666666
0.04,90,16,1,110.64268062611248,2923.25521316306,0.6666666666666666
0.02,91,16,1,59.231561046299845,2875.7842320455675,0.6666666666666666
0.02,92,24,1,59.832043100515264,2827.9230494816356,0.6666666666666666
0.03,93,8,1,80.01504841289143,2780.643542671902,0.6666666666666666
0.01,94,7,1,29.77260224664783,2730.9668842268998,0.6666666666666666
0.01,95,7,1,25.017874869910266,2686.9783801569583,0.6666666666666666
0.01,96,7,1,30.56880716667545,2642.7601860860686,0.6666666666666666
0.01,97,14,1,30.038045665508488,2598.173601100654,0.6666666666666666
0.02,98,14,1,50.975294431790914,2554.1145089403317,0.6666666666666666
0.02,99,14,1,56.5377256058633,2509.2189082682507,0.6666666666666666
0.02,100,21,1,47.11298292261265,2464.385644950784,0.6666666666666666
0.03,101,7,1,66.38516112106676,2420.069655603179,0.6666666666666666
0.01,102,7,1,25.72128424324883,2373.476818682163,0.6666666666666666
0.01,103,7,1,27.19956804997043,2326.428881094632,0.6666666666666666
0.01,104,7,1,23.613044979360406,2278.9075937479906,0.6666666666666666
0.01,105,0,1,20.835115153350092,2230.8933901510213,0.6666666666666666
0.0,106,0,1,0.0,2181.3748761579664,0.6666666666666666
0.0,107,0,1,0.0,2138.3791201726435,0.6666666666666666
0.0,108,0,1,0.0,2095.0262485654484,0.6666666666666666
0.0,109,0,1,0.0,2051.2271181798956,0.6666666666666666
0.0,110,0,1,0.0,2006.962843987862,0.6666666666666666
0.0,111,0,1,0.0,1962.213099900805,0.6666666666666666
0.0,112,0,1,0.0,1916.9559566415946,0.6666666666666666
0.0,113,0,1,0.0,1871.167695108309,0.6666666666666666
0.0,114,0,1,0.0,1824.8225905107183,0.6666666666666666
0.0,115,0,1,0.0,1777.8926614418556,0.6666666666666666
0.0,116,0,1,0.0,1730.347376610018,0.6666666666666666
0.0,117,0,1,0.0,1682.1533100938118,0.6666666666666666
0.0,118,0,1,0.0,1633.2737335450608,0.6666666666666666
0.0,119,0,1,0.0,1583.6681305412296,0.6666666666666666
0.0,120,0,1,0.0,1541.6028911230349,0.6666666666666666
0.0,121,0,1,0.0,1499.0535618920087,0.6666666666666666
0.0,122,0,1,0.0,1455.904595116872,0.6666666666666666
0.0,123,0,1,0.0,1412.1208892387306,0.6666666666666666
0.0,124,0,1,0.0,1367.6635939535215,0.6666666666666666
0.0,125,0,1,0.0,1322.4895122674388,0.6666666666666666
0.0,126,0,1,0.0,1276.550372582448,0.6666666666666666
0.0,127,0,1,0.0,1229.7919342657128,0.6666666666666666
0.7800000000000005,0,2464,1,2610.8864671664996,3314.886467166499,0.7777777777777777
0.7700000000000005,1,2560,1,2662.0679925246704,3424.8729963858896,0.7777777777777777
0.8000000000000005,2,2560,1,2862.053940291407,3541.7239510319896,0.7777777777777777
0.8000000000000005,3,2592,1,2947.298383072036,3656.6311256773292,0.7777777777777777
0.8100000000000005,4,2592,1,3083.700529143383,3772.578706237062,0.7777777777777777
0.8100000000000005,5,2560,1,3174.7406889928643,3886.73059771904,0.7777777777777777
0.8000000000000005,6,2592,1,3225.2990978510634,3996.419396592111,0.7777777777777777
0.8100000000000005,7,2752,1,3355.8869698232006,4107.328383319909,0.7777777777777777
0.8600000000000005,8,2687,1,3654.2932600051727,4230.246022885334,0.7777777777777777
0.8400000000000005,9,2848,1,3677.4289114604812,4346.1796853738715,0.7777777777777777
0.8900000000000006,10,2880,1,3995.0092844826236,4474.700395423193,0.7777777777777777
0.9000000000000006,11,2848,1,4160.440251410532,4604.238223136992,0.7777777777777777
0.8900000000000006,12,2912,1,4224.470332551381,4729.105333657193,0.7777777777777777
0.9100000000000006,13,2816,1,4436.149877705268,4857.9399189536225,0.7777777777777777
0.8800000000000006,14,2880,1,4379.8044946525615,4976.773318373835,0.7777777777777777
0.9000000000000006,15,2816,1,4591.937747513855,5099.603377541246,0.7777777777777777
0.8800000000000006,16,2624,1,4607.135369877299,5215.586925725237,0.7777777777777777
0.8200000000000005,17,2816,1,4373.264119230746,5315.096444791885,0.7777777777777777
0.8800000000000006,18,2848,1,4793.991942919895,5428.704471353626,0.7777777777777777
0.8900000000000006,19,2688,1,4948.113792019225,5543.699444186679,0.7777777777777777
0.8400000000000005,20,2752,1,4750.5877298257965,5645.010253432949,0.7777777777777777
0.8600000000000005,21,2752,1,4966.792857575349,5750.270660763059,0.7777777777777777
0.8600000000000005,22,2720,1,5040.4436313536735,5854.563206925514,0.7777777777777777
0.8500000000000005,23,2848,1,5082.473653584888,5955.521033977339,0.7777777777777777
0.8900000000000006,24,2816,1,5421.552126327337,6065.312118125642,0.7777777777777777
0.8800000000000006,25,2848,1,5445.776678190013,6171.6622452749925,0.7777777777777777
0.8900000000000006,26,2848,1,5595.813995796023,6279.513668317177,0.7777777777777777
0.8900000000000006,27,2944,1,5711.29020478575,6386.434899262401,0.7777777777777777
0.9200000000000006,28,3008,1,6008.8822903158325,6499.761063034036,0.7777777777777777
0.9400000000000006,29,3104,1,6231.266730018748,6617.055425313791,0.7777777777777777
0.9700000000000006,30,3136,1,6542.42325118908,6740.87919671542,0.7777777777777777
0.9800000000000006,31,3104,1,6736.387492928618,6866.114302081596,0.7777777777777777
0.9700000000000006,32,3168,1,6786.443976878352,6987.671561262197,0.7777777777777777
0.9900000000000007,33,3136,1,7046.435150233117,7113.209449255068,0.7777777777777777
0.9800000000000006,34,3104,1,7094.235918468937,7235.122881795532,0.7777777777777777
0.9700000000000006,35,3136,1,7147.1485898797255,7353.539719161459,0.7777777777777777
0.9800000000000006,36,3168,1,7325.910647581329,7473.444399702204,0.7777777777777777
0.9900000000000007,37,3168,1,7520.524515750673,7594.833769273106,0.7777777777777777
0.9900000000000007,38,3168,1,7635.419615471868,7715.249139002012,0.7777777777777777
0.9900000000000007,39,3136,1,7767.429176940874,7834.72112483408,0.7777777777777777
0.9800000000000006,40,3104,1,7790.825134279131,7950.885399864473,0.7777777777777777
0.9700000000000006,41,3136,1,7822.4493265896745,8063.846435877867,0.7777777777777777
0.9800000000000006,42,3136,1,8025.352724736903,8178.34847825491,0.7777777777777777
0.9800000000000006,43,3136,1,8136.094070105476,8292.046144821525,0.7777777777777777
0.9800000000000006,44,3040,1,8238.981083397524,8404.961629356572,0.7777777777777777
0.9500000000000006,45,3104,1,8089.101124274795,8510.325392960824,0.7777777777777777
0.9700000000000006,46,3008,1,8365.426410962596,8619.510481568017,0.7777777777777777
0.9400000000000006,47,3008,1,8195.635895690666,8721.365992879784,0.7777777777777777
0.9400000000000006,48,2784,1,8292.051812027306,8822.624979859233,0.7777777777777777
0.8700000000000006,49,2784,1,7758.990268619448,8908.801716623475,0.7777777777777777
0.8700000000000006,50,2656,1,7827.41726619853,8994.560637560919,0.7777777777777777
0.8300000000000005,51,2720,1,7534.278941179131,9072.204950003066,0.7777777777777777
0.8500000000000005,52,2880,1,7797.496727018156,9153.306810599548,0.7777777777777777
0.9000000000000006,53,2784,1,8334.014947659949,9243.877897838725,0.7777777777777777
0.8700000000000006,54,2784,1,8151.216420217504,9328.068158513484,0.7777777777777777
0.8700000000000006,55,2847,1,8212.088486685563,9411.55334514436,0.7777777777777777
0.8900000000000006,56,2910,1,8477.059829048556,9498.528722411194,0.7777777777777777
0.9100000000000006,57,2942,1,8728.239902587238,9589.371956115994,0.7777777777777777
0.9200000000000006,58,2974,1,8912.940488566881,9681.79206026623,0.7777777777777777
0.9300000000000006,59,3102,1,9114.129257978237,9775.79052878025,0.7777777777777777
0.9700000000000006,60,3133,1,9585.027668757275,9877.244447839146,0.7777777777777777
0.9800000000000006,61,3101,1,9780.038707114398,9980.603174641312,0.7777777777777777
0.9700000000000006,62,3133,1,9788.40009121395,10081.327496161253,0.7777777777777777
0.9800000000000006,63,3166,1,9972.994586679508,10183.634694171868,0.7777777777777777
0.9900000000000007,64,3197,1,10186.305140982891,10287.558013645665,0.7777777777777777
1.0000000000000007,65,3197,1,10393.031030996144,10393.031030996144,0.7777777777777777
1.0000000000000007,66,3197,1,10497.96749045014,10497.96749045014,0.7777777777777777
1.0000000000000007,67,3197,1,10602.378166377495,10602.378166377495,0.7777777777777777
1.0000000000000007,68,3197,1,10706.27345974795,10706.27345974795,0.7777777777777777
1.0000000000000007,69,3197,1,10809.663416360592,10809.663416360592,0.7777777777777777
1.0000000000000007,70,3197,1,10912.557743932452,10912.557743932452,0.7777777777777777
1.0000000000000007,71,3197,1,11014.96582813287,11014.96582813287,0.7777777777777777
1.0000000000000007,72,3197,1,11116.89674764258,11116.89674764258,0.7777777777777777
1.0000000000000007,73,3197,1,11218.359288309593,11218.359288309593,0.7777777777777777
1.0000000000000007,74,3197,1,11319.361956467583,11319.361956467583,0.7777777777777777
1.0000000000000007,75,3197,1,11419.912991477078,11419.912991477078,0.7777777777777777
1.0000000000000007,76,3197,1,11520.0203775444,11520.0203775444,0.7777777777777777
1.0000000000000007,77,3197,1,11619.691854869114,11619.691854869114,0.7777777777777777
1.0000000000000007,78,3197,1,11718.934930166091,11718.934930166091,0.7777777777777777
1.0000000000000007,79,3197,1,11817.756886605082,11817.756886605082,0.7777777777777777
1.0000000000000007,80,3197,1,11916.16479320682,11916.16479320682,0.7777777777777777
1.0000000000000007,81,3197,1,12014.16551373188,12014.16551373188,0.7777777777777777
1.0000000000000007,82,3197,1,12111.765715095551,12111.765715095551,0.7777777777777777
1.0000000000000007,83,3197,1,12208.971875339503,12208.971875339503,0.7777777777777777
1.0000000000000007,84,3197,1,12305.790291188625,12305.790291188625,0.7777777777777777
1.0000000000000007,85,3197,1,12402.227085219234,12402.227085219234,0.7777777777777777
1.0000000000000007,86,3197,1,12498.288212663123,12498.288212663123,0.7777777777777777
1.0000000000000007,87,3197,1,12593.97946786979,12593.97946786979,0.7777777777777777
1.0000000000000007,88,3197,1,12689.3064904479,12689.3064904479,0.7777777777777777
1.0000000000000007,89,3197,1,12784.27477110522,12784.27477110522,0.7777777777777777
1.0000000000000007,90,3197,1,12878.88965720517,12878.88965720517,0.7777777777777777
1.0000000000000007,91,3197,1,12973.156358056684,12973.156358056684,0.7777777777777777
1.0000000000000007,92,3197,1,13067.079949952957,13067.079949952957,0.7777777777777777
1.0000000000000007,93,3197,1,13160.665380973564,13160.665380973564,0.7777777777777777
1.0000000000000007,94,3197,1,13253.917475563603,13253.917475563603,0.7777777777777777
1.0000000000000007,95,3197,1,13346.840938902353,13346.840938902353,0.7777777777777777
1.0000000000000007,96,3197,1,13439.440361073279,13439.440361073279,0.7777777777777777
1.0000000000000007,97,3197,1,13531.720221046404,13531.720221046404,0.7777777777777777
1.0000000000000007,98,3197,1,13623.684890483319,13623.684890483319,0.7777777777777777
1.0000000000000007,99,3197,1,13715.338637374449,13715.338637374449,0.7777777777777777
1.0000000000000007,100,3197,1,13806.685629517598,13806.685629517598,0.7777777777777777
1.0000000000000007,101,3197,1,13897.729937846238,13897.729937846238,0.7777777777777777
1.0000000000000007,102,3197,1,13988.475539615425,13988.475539615425,0.7777777777777777
1.0000000000000007,103,3197,1,14078.926321452724,14078.926321452724,0.7777777777777777
1.0000000000000007,104,3197,1,14169.086082281237,14169.086082281237,0.7777777777777777
1.0000000000000007,105,3197,1,14258.958536121168,14258.958536121168,0.7777777777777777
1.0000000000000007,106,3197,1,14348.547314776091,14348.547314776091,0.7777777777777777
1.0000000000000007,107,3197,1,14437.855970409779,14437.855970409779,0.7777777777777777
1.0000000000000007,108,3197,1,14526.887978018916,14526.887978018916,0.7777777777777777
1.0000000000000007,109,3197,1,14615.646737806943,14615.646737806943,0.7777777777777777
1.0000000000000007,110,3197,1,14704.135577463818,14704.135577463818,0.7777777777777777
1.0000000000000007,111,3197,1,14792.357754356119,14792.357754356119,0.7777777777777777
1.0000000000000007,112,3197,1,14880.316457632061,14880.316457632061,0.7777777777777777
1.0000000000000007,113,3197,1,14968.014810245157,14968.014810245157,0.7777777777777777
1.0000000000000007,114,3197,1,15055.455870900598,15055.455870900598,0.7777777777777777
1.0000000000000007,115,3197,1,15142.6426359278,15142.6426359278,0.7777777777777777
1.0000000000000007,116,3197,1,15229.578041082603,15229.578041082603,0.7777777777777777
1.0000000000000007,117,3197,1,15316.264963282394,15316.264963282394,0.7777777777777777
1.0000000000000007,118,3197,1,15402.706222277051,15402.706222277051,0.7777777777777777
1.0000000000000007,119,3197,1,15488.904582258781,15488.904582258781,0.7777777777777777
1.0000000000000007,120,3197,1,15574.86275341346,15574.86275341346,0.7777777777777777
1.0000000000000007,121,3197,1,15660.583393416122,15660.583393416122,0.7777777777777777
1.0000000000000007,122,3197,1,15746.069108873022,15746.069108873022,0.7777777777777777
1.0000000000000007,123,3197,1,15831.322456712658,15831.322456712658,0.7777777777777777
1.0000000000000007,124,3197,1,15916.345945527884,15916.345945527884,0.7777777777777777
1.0000000000000007,125,3197,1,16001.14203687126,16001.14203687126,0.7777777777777777
1.0000000000000007,126,3197,1,16085.713146505632,16085.713146505632,0.7777777777777777
1.0000000000000007,127,3197,1,16170.061645611813,16170.061645611813,0.7777777777777777
0.8900000000000006,0,2944,1,2997.7793583909397,3349.779358390941,0.8888888888888888
0.9200000000000006,1,3008,1,3236.6632331375527,3506.2566538990845,0.8888888888888888
0.9400000000000006,2,2976,1,3455.17756581235,3665.956310738882,0.8888888888888888
0.9300000000000006,3,2944,1,3562.3040331863635,3818.818358598912,0.8888888888888888
0.9200000000000006,4,2944,1,3658.375132537466,3965.3714323189324,0.8888888888888888
0.9200000000000006,5,2944,1,3787.7306846623615,4109.19083995099,0.8888888888888888
0.9200000000000006,6,2880,1,3924.4635981971046,4250.471032038883,0.8888888888888888
0.9000000000000006,7,2912,1,3954.686032601178,4383.381767350781,0.8888888888888888
0.9100000000000006,8,2912,1,4120.1299359845025,4517.200622205777,0.8888888888888888
0.9100000000000006,9,2688,1,4238.262894150895,4649.022431418174,0.8888888888888888
0.8400000000000005,10,2464,1,4014.7749682330755,4759.652912744447,0.8888888888888888
0.7700000000000005,11,2336,1,3754.2563408242513,4851.440971479123,0.8888888888888888
0.7300000000000004,12,2272,1,3621.784035288129,4933.106058314785,0.8888888888888888
0.7100000000000004,13,2400,1,3579.7401675273063,5009.690065811894,0.8888888888888888
0.7500000000000004,14,2592,1,3848.416452889948,5094.5455466486155,0.8888888888888888
0.8100000000000005,15,2560,1,4221.60442305895,5192.368227380351,0.8888888888888888
0.8000000000000005,16,2655,1,4248.205425561027,5287.269439312345,0.8888888888888888
0.8300000000000005,17,2463,1,4481.3485148790105,5388.501636412002,0.8888888888888888
0.7700000000000005,18,2463,1,4239.484916547489,5474.732265226129,0.8888888888888888
0.7700000000000005,19,2366,1,4300.620092532397,5559.9064662439,0.8888888888888888
0.7400000000000004,20,2430,1,4192.45805029324,5638.241103237981,0.8888888888888888
0.7600000000000005,21,2430,1,4362.923524695528,5720.318289577612,0.8888888888888888
0.7600000000000005,22,2496,1,4427.305166788874,5801.804511906862,0.8888888888888888
0.7800000000000005,23,2398,1,4600.824878294047,5886.758114462035,0.8888888888888888
0.7500000000000004,24,2525,1,4497.858010991335,5964.971486116175,0.8888888888888888
0.7900000000000005,25,2621,1,4800.007488314123,6051.198637748698,0.8888888888888888
0.8200000000000005,26,2621,1,5035.83544088444,6143.475642366481,0.8888888888888888
0.8200000000000005,27,2622,1,5136.047797294981,6235.057009597417,0.8888888888888888
0.8200000000000005,28,2814,1,5206.359397458854,6325.998357320704,0.8888888888888888
0.8800000000000006,29,2877,1,5665.58596042504,6430.0594732159825,0.8888888888888888
0.9000000000000006,30,2877,1,5903.93826726114,6538.007359511794,0.8888888888888888
0.9000000000000006,31,2909,1,5973.127407917321,6645.060382445969,0.8888888888888888
0.9100000000000006,32,2877,1,6141.939226986375,6753.23119727079,0.8888888888888888
0.9000000000000006,33,2684,1,6188.137163246276,6858.564530825477,0.8888888888888888
0.8400000000000005,34,2812,1,5857.214132845874,6949.510954187089,0.8888888888888888
0.8800000000000006,35,2748,1,6217.909871982061,7048.722929378189,0.8888888888888888
0.8600000000000005,36,2556,1,6161.794407307122,7142.782754815039,0.8888888888888888
0.8000000000000005,37,2464,1,5796.450076678751,7223.568428134478,0.8888888888888888
0.7700000000000005,38,2429,1,5637.136354565949,7298.075574682499,0.8888888888888888
0.7600000000000005,39,2750,1,5601.480689190973,7370.187869513388,0.8888888888888888
0.8600000000000005,40,2780,1,6439.984703427573,7462.2411434378455,0.8888888888888888
0.8700000000000006,41,2812,1,6590.380128452203,7555.8083579308295,0.8888888888888888
0.8800000000000006,42,2684,1,6749.4266720886435,7650.5921403989705,0.8888888888888888
0.8400000000000005,43,2843,1,6508.792921891079,7736.702363392837,0.8888888888888888
0.8900000000000006,44,2620,1,6980.0332669714935,7832.887922064007,0.8888888888888888
0.8200000000000005,45,2619,1,6497.345052651367,7913.962699533037,0.8888888888888888
0.8200000000000005,46,2651,1,6555.089946829294,7994.590012353798,0.8888888888888888
0.8300000000000005,47,2525,1,6713.088302538312,8076.790556064092,0.8888888888888888
0.7900000000000005,48,2459,1,6457.449013480487,8150.575912273654,0.8888888888888888
0.7700000000000005,49,2393,1,6362.88833481963,8220.267190663237,0.8888888888888888
0.7500000000000004,50,2617,1,6225.851670477489,8286.017325088955,0.8888888888888888
0.8200000000000005,51,2616,1,6880.42640973424,8364.428602090862,0.8888888888888888
0.8200000000000005,52,2712,1,6945.497880589095,8442.763999115106,0.8888888888888888
0.8500000000000005,53,2935,1,7247.522724956861,8526.584978575567,0.8888888888888888
0.9200000000000006,54,2938,1,7946.699106011224,8624.360406103973,0.8888888888888888
0.9200000000000006,55,2968,1,8030.5187315947205,8721.680312059623,0.8888888888888888
0.9300000000000006,56,2968,1,8203.323491130403,8820.51590728022,0.8888888888888888
0.9300000000000006,57,2810,1,8311.487902378532,8918.796206541114,0.8888888888888888
0.8800000000000006,58,2874,1,7950.311153859644,9006.309912513692,0.8888888888888888
0.9000000000000006,59,3032,1,8200.593228647322,9097.425097187226,0.8888888888888888
0.9500000000000006,60,2999,1,8744.74918660694,9198.430625303545,0.8888888888888888
0.9400000000000006,61,3000,1,8751.936755512903,9296.731114780709,0.8888888888888888
0.9400000000000006,62,3000,1,8831.791432672688,9394.543428185312,0.8888888888888888
0.9400000000000006,63,2936,1,8926.56592353036,9491.845217484726,0.8888888888888888
0.9200000000000006,64,2873,1,8833.567036358047,9584.54768507888,0.8888888888888888
0.9000000000000006,65,2937,1,8717.297791828702,9672.840590220056,0.8888888888888888
0.9200000000000006,66,2873,1,8997.632353781173,9764.703222144757,0.8888888888888888
0.9000000000000006,67,2806,1,8875.661978415541,9851.886398791858,0.8888888888888888
0.8800000000000006,68,2998,1,8761.27484447799,9935.084032351057,0.8888888888888888
0.9400000000000006,69,2902,1,9444.705889771163,10029.6381857663,0.8888888888888888
0.9100000000000006,70,2776,1,9235.274353487235,10117.470996807995,0.8888888888888888
0.8700000000000006,71,2998,1,8881.855108969528,10197.710979284486,0.8888888888888888
0.9400000000000006,72,2997,1,9686.647664161763,10291.039639937595,0.8888888888888888
0.9400000000000006,73,2997,1,9762.10334928163,10383.912868271842,0.8888888888888888
0.9400000000000006,74,2935,1,9859.105823059142,10476.369836870517,0.8888888888888888
0.9200000000000006,75,3092,1,9740.337926089867,10564.255046588089,0.8888888888888888
0.9700000000000006,76,3188,1,10349.493635813196,10661.870778352284,0.8888888888888888
1.0000000000000007,77,3188,1,10765.181630607749,10765.181630607749,0.8888888888888888
1.0000000000000007,78,3188,1,10868.023272518603,10868.023272518603,0.8888888888888888
1.0000000000000007,79,3188,1,10970.349596277205,10970.349596277205,0.8888888888888888
1.0000000000000007,80,3188,1,11072.19757577777,11072.19757577777,0.8888888888888888
1.0000000000000007,81,3188,1,11173.576047065313,11173.576047065313,0.8888888888888888
1.0000000000000007,82,3188,1,11274.493564176088,11274.493564176088,0.8888888888888888
1.0000000000000007,83,3188,1,11374.95841183068,11374.95841183068,0.8888888888888888
1.0000000000000007,84,3188,1,11474.978617393652,11474.978617393652,0.8888888888888888
1.0000000000000007,85,3188,1,11574.561962151687,11574.561962151687,0.8888888888888888
1.0000000000000007,86,3188,1,11673.715991957139,11673.715991957139,0.8888888888888888
1.0000000000000007,87,3188,1,11772.448027280483,11772.448027280483,0.8888888888888888
1.0000000000000007,88,3188,1,11870.76517271169,11870.76517271169,0.8888888888888888
1.0000000000000007,89,3188,1,11968.67432594694,11968.67432594694,0.8888888888888888
1.0000000000000007,90,3188,1,12066.182186295006,12066.182186295006,0.8888888888888888
1.0000000000000007,91,3188,1,12163.29526273411,12163.29526273411,0.8888888888888888
1.0000000000000007,92,3188,1,12260.019881548486,12260.019881548486,0.8888888888888888
1.0000000000000007,93,3188,1,12356.36219357108,12356.36219357108,0.8888888888888888
1.0000000000000007,94,3188,1,12452.328181057277,12452.328181057277,0.8888888888888888
1.0000000000000007,95,3188,1,12547.923664212398,12547.923664212398,0.8888888888888888
1.0000000000000007,96,3188,1,12643.154307394312,12643.154307394312,0.8888888888888888
1.0000000000000007,97,3188,1,12738.025625010709,12738.025625010709,0.8888888888888888
1.0000000000000007,98,3188,1,12832.542987129453,12832.542987129453,0.8888888888888888
1.0000000000000007,99,3188,1,12926.711624818996,12926.711624818996,0.8888888888888888
1.0000000000000007,100,3188,1,13020.536635234566,13020.536635234566,0.8888888888888888
1.0000000000000007,101,3188,1,13114.02298646497,13114.02298646497,0.8888888888888888
1.0000000000000007,102,3188,1,13207.175522153715,13207.175522153715,0.8888888888888888
1.0000000000000007,103,3188,1,13299.998965907243,13299.998965907243,0.8888888888888888
1.0000000000000007,104,3188,1,13392.49792550219,13392.49792550219,0.8888888888888888
1.0000000000000007,105,3188,1,13484.676896902853,13484.676896902853,0.8888888888888888
1.0000000000000007,106,3188,1,13576.540268099368,13576.540268099368,0.8888888888888888
1.0000000000000007,107,3188,1,13668.116996988289,13668.116996988289,0.8888888888888888
1.0000000000000007,108,3188,1,13759.361835672924,13759.361835672924,0.8888888888888888
1.0000000000000007,109,3188,1,13850.303627260428,13850.303627260428,0.8888888888888888
1.0000000000000007,110,3188,1,13940.94636294215,13940.94636294215,0.8888888888888888
1.0000000000000007,111,3188,1,14031.29394275714,14031.29394275714,0.8888888888888888
1.0000000000000007,112,3188,1,14121.350178538538,14121.350178538538,0.8888888888888888
1.0000000000000007,113,3188,1,14211.118796737606,14211.118796737606,0.8888888888888888
1.0000000000000007,114,3188,1,14300.603441131045,14300.603441131045,0.8888888888888888
1.0000000000000007,115,3188,1,14389.85575831898,14389.85575831898,0.8888888888888888
1.0000000000000007,116,3188,1,14478.782920039468,14478.782920039468,0.8888888888888888
1.0000000000000007,117,3188,1,14567.436570507101,14567.436570507101,0.8888888888888888
1.0000000000000007,118,3188,1,14655.82004770498,14655.82004770498,0.8888888888888888
1.0000000000000007,119,3188,1,14743.93661892651,14743.93661892651,0.8888888888888888
1.0000000000000007,120,3188,1,14831.789482895862,14831.789482895862,0.8888888888888888
1.0000000000000007,121,3188,1,14919.38177180617,14919.38177180617,0.8888888888888888
1.0000000000000007,122,3188,1,15006.740090893823,15006.740090893823,0.8888888888888888
1.0000000000000007,123,3188,1,15093.820301577032,15093.820301577032,0.8888888888888888
1.0000000000000007,124,3188,1,15180.648954615124,15180.648954615124,0.8888888888888888
1.0000000000000007,125,3188,1,15267.22893493668,15267.22893493668,0.8888888888888888
1.0000000000000007,126,3188,1,15353.563070030084,15353.563070030084,0.8888888888888888
1.0000000000000007,127,3188,1,15439.654131564175,15439.654131564175,0.8888888888888888
1.0000000000000007,0,3200,1,3389.2924853236427,3389.2924853236427,1.0
1.0000000000000007,1,3200,1,3573.223022050274,3573.223022050274,1.0
1.0000000000000007,2,3200,1,3752.357136359065,3752.357136359065,1.0
1.0000000000000007,3,3200,1,3927.163113890988,3927.163113890988,1.0
1.0000000000000007,4,3200,1,4098.034322982545,4098.034322982545,1.0
1.0000000000000007,5,3200,1,4265.30528966578,4265.30528966578,1.0
1.0000000000000007,6,3200,1,4429.263550093653,4429.263550093653,1.0
1.0000000000000007,7,3200,1,4590.158569799096,4590.158569799096,1.0
1.0000000000000007,8,3200,1,4748.208576334635,4748.208576334635,1.0
1.0000000000000007,9,3200,1,4903.605876232184,4903.605876232184,1.0
1.0000000000000007,10,3200,1,5056.521050539505,5056.521050539505,1.0
1.0000000000000007,11,3200,1,5207.106306930143,5207.106306930143,1.0
1.0000000000000007,12,3200,1,5355.498188091951,5355.498188091951,1.0
1.0000000000000007,13,3200,1,5501.819782274402,5501.819782274402,1.0
1.0000000000000007,14,3200,1,5646.182544176954,5646.182544176954,1.0
1.0000000000000007,15,3200,1,5788.6878075101395,5788.6878075101395,1.0
1.0000000000000007,16,3200,1,5929.4280511417455,5929.4280511417455,1.0
1.0000000000000007,17,3200,1,6068.4879665000635,6068.4879665000635,1.0
1.0000000000000007,18,3200,1,6205.945363327414,6205.945363327414,1.0
1.0000000000000007,19,3200,1,6341.871942927394,6341.871942927394,1.0
1.0000000000000007,20,3200,1,6476.333962008083,6476.333962008083,1.0
1.0000000000000007,21,3200,1,6609.392805589008,6609.392805589008,1.0
1.0000000000000007,22,3200,1,6741.105483847148,6741.105483847148,1.0
1.0000000000000007,23,3200,1,6871.525064972605,6871.525064972605,1.0
1.0000000000000007,24,3200,1,7000.701053893332,7000.701053893332,1.0
1.0000000000000007,25,3200,1,7128.679724973751,7128.679724973751,1.0
1.0000000000000007,26,3200,1,7255.504415389611,7255.504415389611,1.0
1.0000000000000007,27,3200,1,7381.215784752227,7381.215784752227,1.0
1.0000000000000007,28,3200,1,7505.852045641238,7505.852045641238,1.0
1.0000000000000007,29,3200,1,7629.449168959547,7629.449168959547,1.0
1.0000000000000007,30,3200,1,7752.041067414719,7752.041067414719,1.0
1.0000000000000007,31,3200,1,7873.659759926833,7873.659759926833,1.0
1.0000000000000007,32,3200,1,7994.335519348636,7994.335519348636,1.0
1.0000000000000007,33,3200,1,8114.097005535743,8114.097005535743,1.0
1.0000000000000007,34,3200,1,8232.971385516636,8232.971385516636,1.0
1.0000000000000007,35,3200,1,8350.984442268757,8350.984442268757,1.0
1.0000000000000007,36,3200,1,8468.160673403061,8468.160673403061,1.0
1.0000000000000007,37,3200,1,8584.523380885417,8584.523380885417,1.0
1.0000000000000007,38,3200,1,8700.094752777417,8700.094752777417,1.0
1.0000000000000007,39,3200,1,8814.895937852576,8814.895937852576,1.0
1.0000000000000007,40,3200,1,8928.947113838409,8928.947113838409,1.0
1.0000000000000007,41,3200,1,9042.267549941158,9042.267549941158,1.0
1.0000000000000007,42,3200,1,9154.875664232666,9154.875664232666,1.0
1.0000000000000007,43,3200,1,9266.789076408928,9266.789076408928,1.0
1.0000000000000007,44,3200,1,9378.02465637206,9378.02465637206,1.0
1.0000000000000007,45,3200,1,9488.598569035601,9488.598569035601,1.0
1.0000000000000007,46,3200,1,9598.526315707817,9598.526315707817,1.0
1.0000000000000007,47,3200,1,9707.822772369847,9707.822772369847,1.0
1.0000000000000007,48,3200,1,9816.502225130342,9816.502225130342,1.0
1.0000000000000007,49,3200,1,9924.578403108999,9924.578403108999,1.0
1.0000000000000007,50,3200,1,10032.064508974485,10032.064508974485,1.0
1.0000000000000007,51,3200,1,10138.973247340076,10138.973247340076,1.0
1.0000000000000007,52,3200,1,10245.316851198279,10245.316851198279,1.0
1.0000000000000007,53,3200,1,10351.107106559211,10351.107106559211,1.0
1.0000000000000007,54,3200,1,10456.355375440693,10456.355375440693,1.0
1.0000000000000007,55,3200,1,10561.072617343105,10561.072617343105,1.0
1.0000000000000007,56,3200,1,10665.269409331238,10665.269409331238,1.0
1.0000000000000007,57,3200,1,10768.95596483165,10768.95596483165,1.0
1.0000000000000007,58,3200,1,10872.142151245936,10872.142151245936,1.0
1.0000000000000007,59,3200,1,10974.837506470285,10974.837506470285,1.0
1.0000000000000007,60,3200,1,11077.051254403568,11077.051254403568,1.0
1.0000000000000007,61,3200,1,11178.79231951928,11178.79231951928,1.0
1.0000000000000007,62,3200,1,11280.069340570099,11280.069340570099,1.0
1.0000000000000007,63,3200,1,11380.890683487572,11380.890683487572,1.0
1.0000000000000007,64,3200,1,11481.264453534348,11481.264453534348,1.0
1.0000000000000007,65,3200,1,11581.198506761775,11581.198506761775,1.0
1.0000000000000007,66,3200,1,11680.700460821019,11680.700460821019,1.0
1.0000000000000007,67,3200,1,11779.777705171746,11779.777705171746,1.0
1.0000000000000007,68,3200,1,11878.43741072984,11878.43741072984,1.0
1.0000000000000007,69,3200,1,11976.686538990887,11976.686538990887,1.0
1.0000000000000007,70,3200,1,12074.531850664733,12074.531850664733,1.0
1.0000000000000007,71,3200,1,12171.979913852343,12171.979913852343,1.0
1.0000000000000007,72,3200,1,12269.03711179503,12269.03711179503,1.0
1.0000000000000007,73,3200,1,12365.709650222963,12365.709650222963,1.0
1.0000000000000007,74,3200,1,12462.00356432817,12462.00356432817,1.0
1.0000000000000007,75,3200,1,12557.924725385523,12557.924725385523,1.0
1.0000000000000007,76,3200,1,12653.47884704315,12653.47884704315,1.0
1.0000000000000007,77,3200,1,12748.671491302654,12748.671491302654,1.0
1.0000000000000007,78,3200,1,12843.50807420736,12843.50807420736,1.0
1.0000000000000007,79,3200,1,12937.993871256267,12937.993871256267,1.0
1.0000000000000007,80,3200,1,13032.134022559701,13032.134022559701,1.0
1.0000000000000007,81,3200,1,13125.933537751636,13125.933537751636,1.0
1.0000000000000007,82,3200,1,13219.397300672737,13219.397300672737,1.0
1.0000000000000007,83,3200,1,13312.53007383727,13312.53007383727,1.0
1.0000000000000007,84,3200,1,13405.336502695467,13405.336502695467,1.0
1.0000000000000007,85,3200,1,13497.821119703734,13497.821119703734,1.0
1.0000000000000007,86,3200,1,13589.988348212373,13589.988348212373,1.0
1.0000000000000007,87,3200,1,13681.84250618116,13681.84250618116,1.0
1.0000000000000007,88,3200,1,13773.387809732028,13773.387809732028,1.0
1.0000000000000007,89,3200,1,13864.628376547811,13864.628376547811,1.0
1.0000000000000007,90,3200,1,13955.568229124454,13955.568229124454,1.0
1.0000000000000007,91,3200,1,14046.211297885297,14046.211297885297,1.0
1.0000000000000007,92,3200,1,14136.561424163983,14136.561424163983,1.0
1.0000000000000007,93,3200,1,14226.622363062776,14226.622363062776,1.0
1.0000000000000007,94,3200,1,14316.397786192956,14316.397786192956,1.0
1.0000000000000007,95,3200,1,14405.891284303043,14405.891284303043,1.0
1.0000000000000007,96,3200,1,14495.106369800014,14495.106369800014,1.0
1.0000000000000007,97,3200,1,14584.046479169936,14584.046479169936,1.0
1.0000000000000007,98,3200,1,14672.714975301622,14672.714975301622,1.0
1.0000000000000007,99,3200,1,14761.115149718935,14761.115149718935,1.0
1.0000000000000007,100,3200,1,14849.250224725689,14849.250224725689,1.0
1.0000000000000007,101,3200,1,14937.123355467671,14937.123355467671,1.0
1.0000000000000007,102,3200,1,15024.73763191537,15024.73763191537,1.0
1.0000000000000007,103,3200,1,15112.096080771023,15112.096080771023,1.0
1.0000000000000007,104,3200,1,15199.201667304227,15199.201667304227,1.0
1.0000000000000007,105,3200,1,15286.057297118388,15286.057297118388,1.0
1.0000000000000007,106,3200,1,15372.665817852112,15372.665817852112,1.0
1.0000000000000007,107,3200,1,15459.030020817647,15459.030020817647,1.0
1.0000000000000007,108,3200,1,15545.152642579853,15545.152642579853,1.0
1.0000000000000007,109,3200,1,15631.036366478102,15631.036366478102,1.0
1.0000000000000007,110,3200,1,15716.683824093503,15716.683824093503,1.0
1.0000000000000007,111,3200,1,15802.097596663962,15802.097596663962,1.0
1.0000000000000007,112,3200,1,15887.28021644941,15887.28021644941,1.0
1.0000000000000007,113,3200,1,15972.234168049281,15972.234168049281,1.0
1.0000000000000007,114,3200,1,16056.96188967431,16056.96188967431,1.0
1.0000000000000007,115,3200,1,16141.465774374228,16141.465774374228,1.0
1.0000000000000007,116,3200,1,16225.74817122417,16225.74817122417,1.0
1.0000000000000007,117,3200,1,16309.811386470086,16309.811386470086,1.0
1.0000000000000007,118,3200,1,16393.657684636393,16393.657684636393,1.0
1.0000000000000007,119,3200,1,16477.289289596232,16477.289289596232,1.0
1.0000000000000007,120,3200,1,16560.70838560622,16560.70838560622,1.0
1.0000000000000007,121,3200,1,16643.91711830774,16643.91711830774,1.0
1.0000000000000007,122,3200,1,16726.917595694824,16726.917595694824,1.0
1.0000000000000007,123,3200,1,16809.711889051487,16809.711889051487,1.0
1.0000000000000007,124,3200,1,16892.30203385826,16892.30203385826,1.0
1.0000000000000007,125,3200,1,16974.690030670336,16974.690030670336,1.0
1.0000000000000007,126,3200,1,17056.87784596767,17056.87784596767,1.0
1.0000000000000007,127,3200,1,17138.867412978325,17138.867412978325,1.0
